ref_start,length,gene,del_id,del_start,del_end,del_subst
312,21,ORF1ab,del17-23,17,23,NA
315,12,ORF1ab,del17-20/L21I,17,20,L21I
315,21,ORF1ab,del18-24,18,24,NA
315,3,ORF1ab,del17/L18M,17,17,L18M
316,9,ORF1ab,del18-20,18,20,NA
318,6,ORF1ab,del19-20/L18F,19,20,L18F
318,18,ORF1ab,del18-23/R24C,18,23,R24C
324,3,ORF1ab,del21,21,21,NA
326,3,ORF1ab,del21,21,21,NA
359,24,ORF1ab,del32-39,32,39,NA
361,36,ORF1ab,del33-44,33,44,NA
418,39,ORF1ab,del52-64,52,64,NA
423,3,ORF1ab,del54,54,54,NA
423,117,ORF1ab,del54-92/L53F,54,92,L53F
424,12,ORF1ab,del54-57,54,57,NA
425,33,ORF1ab,del54-64,54,64,NA
425,9,ORF1ab,del54-56,54,56,NA
425,21,ORF1ab,del54-60,54,60,NA
426,30,ORF1ab,del55-64,55,64,NA
428,6,ORF1ab,del55-56,55,56,NA
428,30,ORF1ab,del55-64,55,64,NA
431,12,ORF1ab,del56-59,56,59,NA
432,24,ORF1ab,del57-64,57,64,NA
435,12,ORF1ab,del57-60/L61V,57,60,L61V
437,9,ORF1ab,del58-60,58,60,NA
438,9,ORF1ab,del58-60/L61M,58,60,L61M
440,6,ORF1ab,del59-60,59,60,NA
488,45,ORF1ab,del75-89,75,89,NA
490,33,ORF1ab,del76-86,76,86,NA
500,33,ORF1ab,del79-89,79,89,NA
500,30,ORF1ab,del79-88,79,88,NA
500,36,ORF1ab,del79-90,79,90,NA
503,9,ORF1ab,del80-82,80,82,NA
505,3,ORF1ab,del81,81,81,NA
505,18,ORF1ab,del81-86,81,86,NA
505,6,ORF1ab,del81-82,81,82,NA
505,12,ORF1ab,del81-84,81,84,NA
506,21,ORF1ab,del81-87,81,87,NA
507,12,ORF1ab,del81-84/M85L,81,84,M85L
507,3,ORF1ab,del81/G82R,81,81,G82R
507,15,ORF1ab,del81-85/V86L,81,85,V86L
507,9,ORF1ab,del81-83/V84L,81,83,V84L
507,18,ORF1ab,del82-87/H81Q,82,87,H81Q
508,9,ORF1ab,del82-84,82,84,NA
508,15,ORF1ab,del82-86,82,86,NA
508,3,ORF1ab,del82,82,82,NA
508,12,ORF1ab,del82-85/H81Q,82,85,H81Q
509,24,ORF1ab,del82-89,82,89,NA
509,12,ORF1ab,del82-85,82,85,NA
510,3,ORF1ab,del82/H83D,82,82,H83D
510,9,ORF1ab,del82-84/M85V,82,84,M85V
511,9,ORF1ab,del83-85,83,85,NA
511,12,ORF1ab,del83-86,83,86,NA
511,6,ORF1ab,del83-84,83,84,NA
511,3,ORF1ab,del83,83,83,NA
512,15,ORF1ab,del83-87,83,87,NA
512,18,ORF1ab,del83-88,83,88,NA
512,9,ORF1ab,del83-85,83,85,NA
513,12,ORF1ab,del84-87/H83Q,84,87,H83Q
513,6,ORF1ab,del83-84/M85L,83,84,M85L
513,21,ORF1ab,del83-89/A90P,83,89,A90P
513,3,ORF1ab,del83/V84L,83,83,V84L
513,9,ORF1ab,del83-85/V86L,83,85,V86L
514,3,ORF1ab,del84,84,84,NA
514,9,ORF1ab,del84-86,84,86,NA
514,6,ORF1ab,del84-85/H83Q,84,85,H83Q
515,6,ORF1ab,del84-85,84,85,NA
516,3,ORF1ab,del85,85,85,NA
518,15,ORF1ab,del85-89,85,89,NA
518,3,ORF1ab,del85,85,85,NA
518,12,ORF1ab,del85-88,85,88,NA
518,9,ORF1ab,del85-87,85,87,NA
519,6,ORF1ab,del85-86/E87K,85,86,E87K
519,3,ORF1ab,del86/M85I,86,86,M85I
521,3,ORF1ab,del86,86,86,NA
521,12,ORF1ab,del86-89,86,89,NA
528,3,ORF1ab,del89,89,89,NA
594,3,ORF1ab,del110/V111L,110,110,V111L
627,3,ORF1ab,del122,122,122,NA
669,3,ORF1ab,del135/Y136N,135,135,Y136N
672,12,ORF1ab,del136-139,136,139,NA
681,9,ORF1ab,del139-141/S142A,139,141,S142A
682,9,ORF1ab,del140-142/D139E,140,142,D139E
682,12,ORF1ab,del140-143,140,143,NA
683,9,ORF1ab,del140-142,140,142,NA
684,15,ORF1ab,del141-145,141,145,NA
684,12,ORF1ab,del140-143/D144H,140,143,D144H
685,6,ORF1ab,del141-142,141,142,NA
686,3,ORF1ab,del141,141,141,NA
686,9,ORF1ab,del141-143,141,143,NA
716,3,ORF1ab,del151,151,151,NA
729,9,ORF1ab,del156-158,156,158,NA
737,12,ORF1ab,del158-161,158,161,NA
737,21,ORF1ab,del158-164,158,164,NA
741,9,ORF1ab,del160-162/E159D,160,162,E159D
765,3,ORF1ab,del168,168,168,NA
780,18,ORF1ab,del173-178/E172D,173,178,E172D
785,12,ORF1ab,del174-177,174,177,NA
867,9,ORF1ab,del202-204,202,204,NA
868,24,ORF1ab,del202-209,202,209,NA
923,6,ORF1ab,del220-221,220,221,NA
927,3,ORF1ab,del222,222,222,NA
983,3,ORF1ab,del240,240,240,NA
1046,3,ORF1ab,del261,261,261,NA
1078,27,ORF1ab,del272-280,272,280,NA
1153,6,ORF1ab,del297-298,297,298,NA
1236,3,ORF1ab,del325,325,325,NA
1340,3,ORF1ab,del359,359,359,NA
1377,3,ORF1ab,del372,372,372,NA
1388,42,ORF1ab,del375-388,375,388,NA
1421,12,ORF1ab,del386-389,386,389,NA
1428,3,ORF1ab,del389,389,389,NA
1431,3,ORF1ab,del390/N389K,390,390,N389K
1456,3,ORF1ab,del398,398,398,NA
1472,3,ORF1ab,del403,403,403,NA
1583,6,ORF1ab,del440-441,440,441,NA
1594,6,ORF1ab,del444-445,444,445,NA
1594,9,ORF1ab,del444-446,444,446,NA
1595,12,ORF1ab,del444-447,444,447,NA
1596,9,ORF1ab,del445-447/E444D,445,447,E444D
1598,6,ORF1ab,del445-446,445,446,NA
1599,6,ORF1ab,del445-446/N447D,445,446,N447D
1602,3,ORF1ab,del446/N447H,446,446,N447H
1605,3,ORF1ab,del448,448,448,NA
1642,3,ORF1ab,del460,460,460,NA
1653,3,ORF1ab,del464,464,464,NA
1660,3,ORF1ab,del466,466,466,NA
1788,3,ORF1ab,del508/F509I,508,508,F509I
1839,3,ORF1ab,del526,526,526,NA
1843,6,ORF1ab,del527-528,527,528,NA
1849,3,ORF1ab,del529,529,529,NA
1853,3,ORF1ab,del530,530,530,NA
1867,6,ORF1ab,del535-536,535,536,NA
1947,3,ORF1ab,del562,562,562,NA
1958,3,ORF1ab,del565,565,565,NA
2037,3,ORF1ab,del592,592,592,NA
2155,9,ORF1ab,del631-633,631,633,NA
2159,3,ORF1ab,del632,632,632,NA
2233,3,ORF1ab,del657,657,657,NA
2271,3,ORF1ab,del670,670,670,NA
2307,3,ORF1ab,del682,682,682,NA
2327,3,ORF1ab,del688,688,688,NA
2345,3,ORF1ab,del694,694,694,NA
2350,33,ORF1ab,del696-706,696,706,NA
2356,39,ORF1ab,del698-710,698,710,NA
2369,15,ORF1ab,del702-706,702,706,NA
2373,21,ORF1ab,del704-710/L703F,704,710,L703F
2456,3,ORF1ab,del731,731,731,NA
2537,3,ORF1ab,del758,758,758,NA
2552,9,ORF1ab,del763-765,763,765,NA
2554,12,ORF1ab,del764-767,764,767,NA
2571,3,ORF1ab,del770,770,770,NA
2574,15,ORF1ab,del770-774/E775K,770,774,E775K
2577,12,ORF1ab,del771-774/E775K,771,774,E775K
2577,3,ORF1ab,del771/E772K,771,771,E772K
2578,9,ORF1ab,del772-774,772,774,NA
2584,3,ORF1ab,del774,774,774,NA
2623,45,ORF1ab,del787-801,787,801,NA
2630,12,ORF1ab,del789-792,789,792,NA
2733,6,ORF1ab,del824-825,824,825,NA
2848,30,ORF1ab,del862-871,862,871,NA
2866,3,ORF1ab,del868,868,868,NA
2933,3,ORF1ab,del890,890,890,NA
3044,54,ORF1ab,del927-944,927,944,NA
3053,6,ORF1ab,del930-931,930,931,NA
3062,12,ORF1ab,del933-936,933,936,NA
3063,48,ORF1ab,del934-949/E933D,934,949,E933D
3068,9,ORF1ab,del935-937,935,937,NA
3074,3,ORF1ab,del937,937,937,NA
3081,30,ORF1ab,del940-949/E939D,940,949,E939D
3086,42,ORF1ab,del941-954,941,954,NA
3092,9,ORF1ab,del943-945,943,945,NA
3095,15,ORF1ab,del944-948,944,948,NA
3104,6,ORF1ab,del947-948,947,948,NA
3104,39,ORF1ab,del947-959,947,959,NA
3122,3,ORF1ab,del953,953,953,NA
3126,3,ORF1ab,del955,955,955,NA
3179,3,ORF1ab,del972,972,972,NA
3206,3,ORF1ab,del981,981,981,NA
3209,42,ORF1ab,del982-995,982,995,NA
3210,54,ORF1ab,del982-999/T1000A,982,999,T1000A
3212,39,ORF1ab,del983-995,983,995,NA
3216,15,ORF1ab,del985-989,985,989,NA
3218,3,ORF1ab,del985,985,985,NA
3225,27,ORF1ab,del987-995/D996N,987,995,D996N
3233,3,ORF1ab,del990,990,990,NA
3238,24,ORF1ab,del992-999,992,999,NA
3239,12,ORF1ab,del992-995,992,995,NA
3251,84,ORF1ab,del996-1023,996,1023,NA
3260,12,ORF1ab,del999-1002,999,1002,NA
3260,15,ORF1ab,del999-1003,999,1003,NA
3263,3,ORF1ab,del1000,1000,1000,NA
3265,6,ORF1ab,del1001-1002,1001,1002,NA
3266,63,ORF1ab,del1001-1021,1001,1021,NA
3268,81,ORF1ab,del1002-1028,1002,1028,NA
3270,54,ORF1ab,del1003-1020,1003,1020,NA
3271,75,ORF1ab,del1003-1027,1003,1027,NA
3272,33,ORF1ab,del1003-1013,1003,1013,NA
3274,3,ORF1ab,del1004,1004,1004,NA
3279,21,ORF1ab,del1006-1012,1006,1012,NA
3279,3,ORF1ab,del1006,1006,1006,NA
3280,18,ORF1ab,del1006-1011,1006,1011,NA
3287,36,ORF1ab,del1008-1019,1008,1019,NA
3288,24,ORF1ab,del1009-1016,1009,1016,NA
3292,9,ORF1ab,del1010-1012,1010,1012,NA
3302,21,ORF1ab,del1013-1019,1013,1019,NA
3305,21,ORF1ab,del1014-1020,1014,1020,NA
3311,15,ORF1ab,del1016-1020,1016,1020,NA
3312,9,ORF1ab,del1017-1019,1017,1019,NA
3314,27,ORF1ab,del1017-1025,1017,1025,NA
3324,24,ORF1ab,del1021-1028,1021,1028,NA
3324,21,ORF1ab,del1020-1026/S1027G,1020,1026,S1027G
3325,21,ORF1ab,del1021-1027,1021,1027,NA
3328,12,ORF1ab,del1022-1025,1022,1025,NA
3329,15,ORF1ab,del1022-1026,1022,1026,NA
3329,18,ORF1ab,del1022-1027,1022,1027,NA
3331,12,ORF1ab,del1023-1026,1023,1026,NA
3331,18,ORF1ab,del1023-1028,1023,1028,NA
3331,3,ORF1ab,del1023,1023,1023,NA
3332,9,ORF1ab,del1023-1025,1023,1025,NA
3333,3,ORF1ab,del1023/E1024K,1023,1023,E1024K
3333,15,ORF1ab,del1024-1028,1024,1028,NA
3333,21,ORF1ab,del1023-1029/G1030S,1023,1029,G1030S
3334,18,ORF1ab,del1024-1029,1024,1029,NA
3335,6,ORF1ab,del1024-1025,1024,1025,NA
3336,15,ORF1ab,del1024-1028/S1029G,1024,1028,S1029G
3336,12,ORF1ab,del1024-1027/F1028V,1024,1027,F1028V
3336,6,ORF1ab,del1025-1026/E1024D,1025,1026,E1024D
3336,9,ORF1ab,del1024-1026/S1027G,1024,1026,S1027G
3341,9,ORF1ab,del1026-1028,1026,1028,NA
3341,6,ORF1ab,del1026-1027,1026,1027,NA
3343,6,ORF1ab,del1027-1028,1027,1028,NA
3343,3,ORF1ab,del1027,1027,1027,NA
3345,3,ORF1ab,del1027/F1028I,1027,1027,F1028I
3345,9,ORF1ab,del1028-1030,1028,1030,NA
3348,6,ORF1ab,del1028-1029/G1030C,1028,1029,G1030C
3348,3,ORF1ab,del1028/S1029C,1028,1028,S1029C
3349,3,ORF1ab,del1029,1029,1029,NA
3351,3,ORF1ab,del1030,1030,1030,NA
3351,6,ORF1ab,del1029-1030/Y1031N,1029,1030,Y1031N
3354,3,ORF1ab,del1030/Y1031D,1030,1030,Y1031D
3379,15,ORF1ab,del1039-1043,1039,1043,NA
3426,3,ORF1ab,del1055,1055,1055,NA
3434,3,ORF1ab,del1057,1057,1057,NA
3469,9,ORF1ab,del1069-1071,1069,1071,NA
3481,3,ORF1ab,del1073,1073,1073,NA
3531,48,ORF1ab,del1089-1104/L1105V,1089,1104,L1105V
3532,45,ORF1ab,del1090-1104,1090,1104,NA
3540,3,ORF1ab,del1093,1093,1093,NA
3544,21,ORF1ab,del1094-1100,1094,1100,NA
3544,12,ORF1ab,del1094-1097,1094,1097,NA
3546,3,ORF1ab,del1094/G1095R,1094,1094,G1095R
3546,33,ORF1ab,del1094-1104/L1105I,1094,1104,L1105I
3549,9,ORF1ab,del1095-1097/K1098E,1095,1097,K1098E
3549,30,ORF1ab,del1095-1104/L1105V,1095,1104,L1105V
3578,3,ORF1ab,del1105,1105,1105,NA
3626,6,ORF1ab,del1121-1122,1121,1122,NA
3630,3,ORF1ab,del1122/N1123D,1122,1122,N1123D
3632,3,ORF1ab,del1123,1123,1123,NA
3657,21,ORF1ab,del1132-1138,1132,1138,NA
3667,9,ORF1ab,del1135-1137,1135,1137,NA
3670,9,ORF1ab,del1136-1138,1136,1138,NA
3672,6,ORF1ab,del1136-1137/F1138V,1136,1137,F1138V
3678,3,ORF1ab,del1138/N1139Y,1138,1138,N1139Y
3687,3,ORF1ab,del1142/H1141Q,1142,1142,H1141Q
3706,3,ORF1ab,del1148,1148,1148,NA
3710,15,ORF1ab,del1149-1153,1149,1153,NA
3712,3,ORF1ab,del1150,1150,1150,NA
3713,12,ORF1ab,del1150-1153,1150,1153,NA
3769,12,ORF1ab,del1169-1172,1169,1172,NA
3801,3,ORF1ab,del1180/D1179E,1180,1180,D1179E
3803,3,ORF1ab,del1180,1180,1180,NA
3824,36,ORF1ab,del1187-1198,1187,1198,NA
3824,21,ORF1ab,del1187-1193,1187,1193,NA
3833,3,ORF1ab,del1190,1190,1190,NA
3836,3,ORF1ab,del1191,1191,1191,NA
3836,9,ORF1ab,del1191-1193,1191,1193,NA
3837,6,ORF1ab,del1192-1193,1192,1193,NA
3838,48,ORF1ab,del1192-1207/L1191F,1192,1207,L1191F
3838,54,ORF1ab,del1192-1209,1192,1209,NA
3842,36,ORF1ab,del1193-1204,1193,1204,NA
3862,87,ORF1ab,del1200-1228,1200,1228,NA
3867,27,ORF1ab,del1202-1210,1202,1210,NA
3869,30,ORF1ab,del1202-1211,1202,1211,NA
3872,12,ORF1ab,del1203-1206,1203,1206,NA
3875,18,ORF1ab,del1204-1209,1204,1209,NA
3879,21,ORF1ab,del1206-1212,1206,1212,NA
3879,9,ORF1ab,del1206-1208,1206,1208,NA
3879,33,ORF1ab,del1205-1215/T1216A,1205,1215,T1216A
3886,12,ORF1ab,del1208-1211,1208,1211,NA
3896,72,ORF1ab,del1211-1234,1211,1234,NA
3898,21,ORF1ab,del1212-1218,1212,1218,NA
3898,18,ORF1ab,del1212-1217,1212,1217,NA
3898,90,ORF1ab,del1212-1241,1212,1241,NA
3905,3,ORF1ab,del1214,1214,1214,NA
3907,12,ORF1ab,del1215-1218,1215,1218,NA
3907,30,ORF1ab,del1215-1224/F1214L,1215,1224,F1214L
3917,3,ORF1ab,del1218,1218,1218,NA
3933,9,ORF1ab,del1224-1226,1224,1226,NA
3933,75,ORF1ab,del1223-1247/F1248V,1223,1247,F1248V
3933,30,ORF1ab,del1224-1233,1224,1233,NA
3941,21,ORF1ab,del1226-1232,1226,1232,NA
3948,21,ORF1ab,del1228-1234/C1235G,1228,1234,C1235G
3951,3,ORF1ab,del1230/D1229E,1230,1230,D1229E
3967,3,ORF1ab,del1235,1235,1235,NA
3983,3,ORF1ab,del1240,1240,1240,NA
4012,3,ORF1ab,del1250,1250,1250,NA
4109,3,ORF1ab,del1282,1282,1282,NA
4119,3,ORF1ab,del1285/I1286L,1285,1285,I1286L
4132,3,ORF1ab,del1290,1290,1290,NA
4170,3,ORF1ab,del1303,1303,1303,NA
4325,3,ORF1ab,del1354,1354,1354,NA
4338,3,ORF1ab,del1358/I1359F,1358,1358,I1359F
4402,72,ORF1ab,del1380-1403,1380,1403,NA
4529,6,ORF1ab,del1422-1423,1422,1423,NA
4581,12,ORF1ab,del1440-1443/N1439K,1440,1443,N1439K
4869,12,ORF1ab,del1535-1538/S1539G,1535,1538,S1539G
4869,6,ORF1ab,del1535-1536/Y1537D,1535,1536,Y1537D
4876,3,ORF1ab,del1538,1538,1538,NA
4879,3,ORF1ab,del1539,1539,1539,NA
4882,6,ORF1ab,del1540-1541,1540,1541,NA
4884,27,ORF1ab,del1541-1549/N1540K,1541,1549,N1540K
5043,18,ORF1ab,del1593-1598,1593,1598,NA
5094,3,ORF1ab,del1611,1611,1611,NA
5097,3,ORF1ab,del1611/S1612T,1611,1611,S1612T
5133,3,ORF1ab,del1624,1624,1624,NA
5134,24,ORF1ab,del1624-1631,1624,1631,NA
5244,3,ORF1ab,del1660/V1661L,1660,1660,V1661L
5283,153,ORF1ab,del1674-1724/N1673K,1674,1724,N1673K
5352,3,ORF1ab,del1697/Q1696H,1697,1697,Q1696H
5359,3,ORF1ab,del1699,1699,1699,NA
5420,6,ORF1ab,del1719-1720,1719,1720,NA
5423,3,ORF1ab,del1720,1720,1720,NA
5428,6,ORF1ab,del1722-1723,1722,1723,NA
5507,3,ORF1ab,del1748,1748,1748,NA
5533,3,ORF1ab,del1757,1757,1757,NA
5655,3,ORF1ab,del1798,1798,1798,NA
5659,3,ORF1ab,del1799,1799,1799,NA
5790,3,ORF1ab,del1843,1843,1843,NA
5810,15,ORF1ab,del1849-1853,1849,1853,NA
5820,6,ORF1ab,del1852-1853/T1854S,1852,1853,T1854S
5871,3,ORF1ab,del1870,1870,1870,NA
5897,9,ORF1ab,del1878-1880,1878,1880,NA
5897,21,ORF1ab,del1878-1884,1878,1884,NA
5901,9,ORF1ab,del1879-1881/Y1882H,1879,1881,Y1882H
5907,3,ORF1ab,del1881/Y1882N,1881,1881,Y1882N
5910,3,ORF1ab,del1883/Y1882*,1883,1883,NA
5933,3,ORF1ab,del1890,1890,1890,NA
5934,75,ORF1ab,del1890-1914/V1915I,1890,1914,V1915I
5937,3,ORF1ab,del1891/I1892V,1891,1891,I1892V
5940,69,ORF1ab,del1893-1915,1893,1915,NA
5941,63,ORF1ab,del1893-1913,1893,1913,NA
5943,3,ORF1ab,del1893/P1894A,1893,1893,P1894A
5946,63,ORF1ab,del1894-1914/V1915L,1894,1914,V1915L
5949,60,ORF1ab,del1895-1914/V1915I,1895,1914,V1915I
5950,60,ORF1ab,del1896-1915,1896,1915,NA
5952,57,ORF1ab,del1897-1915,1897,1915,NA
5971,9,ORF1ab,del1903-1905/K1902N,1903,1905,K1902N
5977,3,ORF1ab,del1905,1905,1905,NA
5980,3,ORF1ab,del1906,1906,1906,NA
6006,3,ORF1ab,del1915,1915,1915,NA
6030,9,ORF1ab,del1922-1924/F1925I,1922,1924,F1925I
6043,6,ORF1ab,del1927-1928,1927,1928,NA
6045,3,ORF1ab,del1927/F1928I,1927,1927,F1928I
6114,3,ORF1ab,del1951,1951,1951,NA
6224,156,ORF1ab,del1987-2038,1987,2038,NA
6248,3,ORF1ab,del1995,1995,1995,NA
6251,129,ORF1ab,del1996-2038,1996,2038,NA
6263,18,ORF1ab,del2000-2005,2000,2005,NA
6296,84,ORF1ab,del2011-2038,2011,2038,NA
6312,12,ORF1ab,del2016-2019/E2020K,2016,2019,E2020K
6312,6,ORF1ab,del2017-2018,2017,2018,NA
6313,84,ORF1ab,del2017-2044,2017,2044,NA
6314,9,ORF1ab,del2017-2019,2017,2019,NA
6319,99,ORF1ab,del2019-2051,2019,2051,NA
6320,30,ORF1ab,del2019-2028,2019,2028,NA
6320,3,ORF1ab,del2019,2019,2019,NA
6323,3,ORF1ab,del2020,2020,2020,NA
6329,9,ORF1ab,del2022-2024,2022,2024,NA
6342,36,ORF1ab,del2027-2038,2027,2038,NA
6348,3,ORF1ab,del2028/K2029Q,2028,2028,K2029Q
6348,24,ORF1ab,del2029-2036,2029,2036,NA
6350,48,ORF1ab,del2029-2044,2029,2044,NA
6353,54,ORF1ab,del2030-2047,2030,2047,NA
6354,6,ORF1ab,del2030-2031/D2032Y,2030,2031,D2032Y
6354,21,ORF1ab,del2030-2036/D2037Y,2030,2036,D2037Y
6355,24,ORF1ab,del2031-2038,2031,2038,NA
6355,42,ORF1ab,del2031-2044,2031,2044,NA
6355,18,ORF1ab,del2031-2036,2031,2036,NA
6355,6,ORF1ab,del2031-2032,2031,2032,NA
6356,3,ORF1ab,del2031,2031,2031,NA
6371,6,ORF1ab,del2036-2037,2036,2037,NA
6374,9,ORF1ab,del2037-2039,2037,2039,NA
6375,3,ORF1ab,del2038,2038,2038,NA
6410,3,ORF1ab,del2049,2049,2049,NA
6411,39,ORF1ab,del2049-2061/L2062V,2049,2061,L2062V
6501,3,ORF1ab,del2080,2080,2080,NA
6506,3,ORF1ab,del2081,2081,2081,NA
6508,15,ORF1ab,del2082-2086,2082,2086,NA
6510,6,ORF1ab,del2082-2083/L2084I,2082,2083,L2084I
6510,30,ORF1ab,del2083-2092,2083,2092,NA
6511,3,ORF1ab,del2083,2083,2083,NA
6511,12,ORF1ab,del2083-2086,2083,2086,NA
6512,9,ORF1ab,del2083-2085,2083,2085,NA
6512,6,ORF1ab,del2083-2084,2083,2084,NA
6513,3,ORF1ab,del2083/L2084I,2083,2083,L2084I
6516,9,ORF1ab,del2084-2086/T2087S,2084,2086,T2087S
6516,36,ORF1ab,del2085-2096,2085,2096,NA
6517,12,ORF1ab,del2085-2088,2085,2088,NA
6518,6,ORF1ab,del2085-2086,2085,2086,NA
6524,3,ORF1ab,del2087,2087,2087,NA
6524,18,ORF1ab,del2087-2092,2087,2092,NA
6524,6,ORF1ab,del2087-2088,2087,2088,NA
6526,3,ORF1ab,del2088,2088,2088,NA
6531,21,ORF1ab,del2089-2095/M2096V,2089,2095,M2096V
6532,21,ORF1ab,del2090-2096,2090,2096,NA
6564,12,ORF1ab,del2100-2103/S2104G,2100,2103,S2104G
6569,6,ORF1ab,del2102-2103,2102,2103,NA
6573,3,ORF1ab,del2103/S2104C,2103,2103,S2104C
6577,6,ORF1ab,del2105-2106,2105,2106,NA
6577,57,ORF1ab,del2105-2123,2105,2123,NA
6577,9,ORF1ab,del2105-2107,2105,2107,NA
6578,12,ORF1ab,del2105-2108,2105,2108,NA
6582,51,ORF1ab,del2107-2123,2107,2123,NA
6597,3,ORF1ab,del2112/N2111K,2112,2112,N2111K
6601,12,ORF1ab,del2113-2116,2113,2116,NA
6601,3,ORF1ab,del2113,2113,2113,NA
6603,9,ORF1ab,del2114-2116,2114,2116,NA
6605,3,ORF1ab,del2114,2114,2114,NA
6609,9,ORF1ab,del2116-2118/R2115S,2116,2118,R2115S
6647,3,ORF1ab,del2128,2128,2128,NA
6651,153,ORF1ab,del2129-2179/C2180G,2129,2179,C2180G
6654,3,ORF1ab,del2130/N2131D,2130,2130,N2131D
6654,30,ORF1ab,del2130-2139/N2140D,2130,2139,N2140D
6654,24,ORF1ab,del2131-2138,2131,2138,NA
6655,27,ORF1ab,del2131-2139,2131,2139,NA
6656,24,ORF1ab,del2131-2138,2131,2138,NA
6658,24,ORF1ab,del2132-2139,2132,2139,NA
6684,3,ORF1ab,del2141,2141,2141,NA
6715,3,ORF1ab,del2151,2151,2151,NA
6719,3,ORF1ab,del2152,2152,2152,NA
6719,12,ORF1ab,del2152-2155,2152,2155,NA
6759,6,ORF1ab,del2165-2166/N2167Y,2165,2166,N2167Y
6765,3,ORF1ab,del2168,2168,2168,NA
6766,9,ORF1ab,del2168-2170,2168,2170,NA
6811,3,ORF1ab,del2183,2183,2183,NA
6839,30,ORF1ab,del2192-2201,2192,2201,NA
6844,24,ORF1ab,del2194-2201,2194,2201,NA
6863,3,ORF1ab,del2200,2200,2200,NA
6927,9,ORF1ab,del2222-2224,2222,2224,NA
6933,21,ORF1ab,del2224-2230/F2223L,2224,2230,F2223L
6944,9,ORF1ab,del2227-2229,2227,2229,NA
6947,6,ORF1ab,del2228-2229,2228,2229,NA
6949,3,ORF1ab,del2229,2229,2229,NA
7016,33,ORF1ab,del2251-2261,2251,2261,NA
7021,12,ORF1ab,del2253-2256,2253,2256,NA
7021,27,ORF1ab,del2253-2261,2253,2261,NA
7024,24,ORF1ab,del2254-2261/L2253F,2254,2261,L2253F
7032,3,ORF1ab,del2256/L2257I,2256,2256,L2257I
7056,6,ORF1ab,del2264-2265/Y2266N,2264,2265,Y2266N
7056,3,ORF1ab,del2264/G2265S,2264,2264,G2265S
7059,3,ORF1ab,del2265/Y2266D,2265,2265,Y2266D
7111,9,ORF1ab,del2283-2285,2283,2285,NA
7113,6,ORF1ab,del2284-2285,2284,2285,NA
7113,3,ORF1ab,del2283/G2284S,2283,2283,G2284S
7115,9,ORF1ab,del2284-2286,2284,2286,NA
7116,6,ORF1ab,del2284-2285/I2286V,2284,2285,I2286V
7116,3,ORF1ab,del2284/S2285A,2284,2284,S2285A
7119,3,ORF1ab,del2285/I2286L,2285,2285,I2286L
7128,3,ORF1ab,del2289,2289,2289,NA
7204,3,ORF1ab,del2314,2314,2314,NA
7221,3,ORF1ab,del2320,2320,2320,NA
7223,45,ORF1ab,del2320-2334,2320,2334,NA
7233,3,ORF1ab,del2324/L2323F,2324,2324,L2323F
7243,3,ORF1ab,del2327,2327,2327,NA
7287,45,ORF1ab,del2342-2356,2342,2356,NA
7297,69,ORF1ab,del2345-2367,2345,2367,NA
7310,18,ORF1ab,del2349-2354,2349,2354,NA
7310,3,ORF1ab,del2349,2349,2349,NA
7313,3,ORF1ab,del2350,2350,2350,NA
7314,42,ORF1ab,del2351-2364,2351,2364,NA
7316,96,ORF1ab,del2351-2382,2351,2382,NA
7358,3,ORF1ab,del2365,2365,2365,NA
7377,3,ORF1ab,del2372,2372,2372,NA
7435,6,ORF1ab,del2391-2392,2391,2392,NA
7435,3,ORF1ab,del2391,2391,2391,NA
7522,3,ORF1ab,del2420,2420,2420,NA
7535,3,ORF1ab,del2424,2424,2424,NA
7569,12,ORF1ab,del2436-2439,2436,2439,NA
7578,3,ORF1ab,del2438/N2439D,2438,2438,N2439D
7579,3,ORF1ab,del2439,2439,2439,NA
7626,3,ORF1ab,del2454/C2455S,2454,2454,C2455S
7647,3,ORF1ab,del2462,2462,2462,NA
7648,24,ORF1ab,del2462-2469,2462,2469,NA
7770,15,ORF1ab,del2503-2507/H2502Q,2503,2507,H2502Q
7770,33,ORF1ab,del2503-2513,2503,2513,NA
7782,3,ORF1ab,del2507/D2506E,2507,2507,D2506E
7859,3,ORF1ab,del2532,2532,2532,NA
7958,3,ORF1ab,del2565,2565,2565,NA
7990,3,ORF1ab,del2576,2576,2576,NA
8049,33,ORF1ab,del2596-2606,2596,2606,NA
8082,3,ORF1ab,del2606/E2607K,2606,2606,E2607K
8177,3,ORF1ab,del2638,2638,2638,NA
8240,3,ORF1ab,del2659,2659,2659,NA
8329,3,ORF1ab,del2689,2689,2689,NA
8335,3,ORF1ab,del2691,2691,2691,NA
8370,3,ORF1ab,del2702/V2703L,2702,2702,V2703L
8494,3,ORF1ab,del2744,2744,2744,NA
8501,3,ORF1ab,del2746,2746,2746,NA
8503,42,ORF1ab,del2747-2760,2747,2760,NA
8559,3,ORF1ab,del2766,2766,2766,NA
8562,3,ORF1ab,del2766/N2767D,2766,2766,N2767D
8563,3,ORF1ab,del2767,2767,2767,NA
8568,3,ORF1ab,del2768/W2769R,2768,2768,W2769R
8570,3,ORF1ab,del2769,2769,2769,NA
8581,3,ORF1ab,del2773,2773,2773,NA
8585,3,ORF1ab,del2774,2774,2774,NA
8585,9,ORF1ab,del2774-2776,2774,2776,NA
8592,6,ORF1ab,del2777-2778,2777,2778,NA
8594,9,ORF1ab,del2777-2779,2777,2779,NA
8597,9,ORF1ab,del2778-2780,2778,2780,NA
8598,12,ORF1ab,del2779-2782,2779,2782,NA
8603,9,ORF1ab,del2780-2782,2780,2782,NA
8646,3,ORF1ab,del2794/V2795L,2794,2794,V2795L
8651,3,ORF1ab,del2796,2796,2796,NA
8695,81,ORF1ab,del2811-2837,2811,2837,NA
8716,3,ORF1ab,del2818,2818,2818,NA
8758,36,ORF1ab,del2832-2843,2832,2843,NA
8759,27,ORF1ab,del2832-2840,2832,2840,NA
8765,12,ORF1ab,del2834-2837,2834,2837,NA
8787,3,ORF1ab,del2842,2842,2842,NA
8793,3,ORF1ab,del2844,2844,2844,NA
8806,132,ORF1ab,del2848-2891/N2847K,2848,2891,N2847K
8815,3,ORF1ab,del2851,2851,2851,NA
8971,75,ORF1ab,del2903-2927,2903,2927,NA
9001,3,ORF1ab,del2913,2913,2913,NA
9011,3,ORF1ab,del2916,2916,2916,NA
9134,3,ORF1ab,del2957,2957,2957,NA
9145,3,ORF1ab,del2961,2961,2961,NA
9204,36,ORF1ab,del2980-2991/S2992A,2980,2991,S2992A
9229,3,ORF1ab,del2989,2989,2989,NA
9247,3,ORF1ab,del2995,2995,2995,NA
9265,3,ORF1ab,del3001,3001,3001,NA
9267,3,ORF1ab,del3002,3002,3002,NA
9412,3,ORF1ab,del3050,3050,3050,NA
9431,3,ORF1ab,del3056,3056,3056,NA
9483,201,ORF1ab,del3073-3139/I3140V,3073,3139,I3140V
9489,150,ORF1ab,del3075-3124/H3125N,3075,3124,H3125N
9531,3,ORF1ab,del3089/T3090S,3089,3089,T3090S
9651,21,ORF1ab,del3130-3136/M3129I,3130,3136,M3129I
9696,3,ORF1ab,del3144/I3145F,3144,3144,I3145F
9849,6,ORF1ab,del3195-3196/V3197M,3195,3196,V3197M
9850,3,ORF1ab,del3196,3196,3196,NA
9851,9,ORF1ab,del3196-3198,3196,3198,NA
9854,6,ORF1ab,del3197-3198,3197,3198,NA
9855,3,ORF1ab,del3198,3198,3198,NA
9857,3,ORF1ab,del3198,3198,3198,NA
9858,3,ORF1ab,del3199,3199,3199,NA
9950,3,ORF1ab,del3229,3229,3229,NA
10124,3,ORF1ab,del3287,3287,3287,NA
10150,3,ORF1ab,del3296,3296,3296,NA
10164,18,ORF1ab,del3300-3305/I3306F,3300,3305,I3306F
10176,3,ORF1ab,del3304/V3305L,3304,3304,V3305L
10345,18,ORF1ab,del3361-3366/K3360N,3361,3366,K3360N
10402,3,ORF1ab,del3380,3380,3380,NA
10423,3,ORF1ab,del3387,3387,3387,NA
10486,3,ORF1ab,del3408,3408,3408,NA
10491,3,ORF1ab,del3410,3410,3410,NA
10505,3,ORF1ab,del3414,3414,3414,NA
10515,3,ORF1ab,del3418,3418,3418,NA
10521,117,ORF1ab,del3420-3458,3420,3458,NA
10550,105,ORF1ab,del3429-3463,3429,3463,NA
10555,3,ORF1ab,del3431,3431,3431,NA
10569,3,ORF1ab,del3435/A3436P,3435,3435,A3436P
10600,39,ORF1ab,del3446-3458,3446,3458,NA
10606,33,ORF1ab,del3448-3458,3448,3458,NA
10613,18,ORF1ab,del3450-3455,3450,3455,NA
10614,36,ORF1ab,del3450-3461/T3462A,3450,3461,T3462A
10615,18,ORF1ab,del3451-3456/D3450E,3451,3456,D3450E
10615,24,ORF1ab,del3451-3458,3451,3458,NA
10616,24,ORF1ab,del3451-3458,3451,3458,NA
10619,21,ORF1ab,del3452-3458,3452,3458,NA
10623,9,ORF1ab,del3454-3456,3454,3456,NA
10624,15,ORF1ab,del3454-3458,3454,3458,NA
10636,3,ORF1ab,del3458,3458,3458,NA
10673,3,ORF1ab,del3470,3470,3470,NA
10682,3,ORF1ab,del3473,3473,3473,NA
10704,3,ORF1ab,del3481,3481,3481,NA
10965,15,ORF1ab,del3567-3571/V3572M,3567,3571,V3572M
11066,9,ORF1ab,del3601-3603,3601,3603,NA
11075,3,ORF1ab,del3604,3604,3604,NA
11098,42,ORF1ab,del3612-3625/F3611L,3612,3625,F3611L
11107,18,ORF1ab,del3615-3620,3615,3620,NA
11136,3,ORF1ab,del3624/A3625S,3624,3624,A3625S
11161,63,ORF1ab,del3633-3653/K3632N,3633,3653,K3632N
11165,84,ORF1ab,del3634-3661,3634,3661,NA
11221,21,ORF1ab,del3653-3659,3653,3659,NA
11232,3,ORF1ab,del3657,3657,3657,NA
11236,3,ORF1ab,del3658,3658,3658,NA
11267,9,ORF1ab,del3668-3670,3668,3670,NA
11271,6,ORF1ab,del3669-3670/D3671N,3669,3670,D3671N
11271,24,ORF1ab,del3670-3677/M3669I,3670,3677,M3669I
11271,21,ORF1ab,del3669-3675/G3676S,3669,3675,G3676S
11273,3,ORF1ab,del3670,3670,3670,NA
11274,21,ORF1ab,del3671-3677,3671,3677,NA
11275,9,ORF1ab,del3671-3673,3671,3673,NA
11275,15,ORF1ab,del3671-3675,3671,3675,NA
11278,3,ORF1ab,del3672,3672,3672,NA
11278,9,ORF1ab,del3672-3674/D3671E,3672,3674,D3671E
11280,9,ORF1ab,del3673-3675,3673,3675,NA
11281,15,ORF1ab,del3673-3677,3673,3677,NA
11283,6,ORF1ab,del3673-3674/S3675T,3673,3674,S3675T
11283,3,ORF1ab,del3673/L3674M,3673,3673,L3674M
11283,12,ORF1ab,del3673-3676/F3677I,3673,3676,F3677I
11283,9,ORF1ab,del3674-3676,3674,3676,NA
11284,6,ORF1ab,del3674-3675,3674,3675,NA
11286,6,ORF1ab,del3674-3675/G3676C,3674,3675,G3676C
11288,3,ORF1ab,del3675,3675,3675,NA
11288,9,ORF1ab,del3675-3677,3675,3677,NA
11292,6,ORF1ab,del3676-3677/K3678E,3676,3677,K3678E
11484,39,ORF1ab,del3741-3753,3741,3753,NA
11486,15,ORF1ab,del3741-3745,3741,3745,NA
11536,3,ORF1ab,del3758,3758,3758,NA
11536,9,ORF1ab,del3758-3760,3758,3760,NA
11538,3,ORF1ab,del3759,3759,3759,NA
11539,12,ORF1ab,del3759-3762,3759,3762,NA
11541,3,ORF1ab,del3760,3760,3760,NA
11551,9,ORF1ab,del3763-3765,3763,3765,NA
11563,9,ORF1ab,del3767-3769,3767,3769,NA
11568,3,ORF1ab,del3769,3769,3769,NA
11570,3,ORF1ab,del3769,3769,3769,NA
11583,3,ORF1ab,del3773/N3774D,3773,3773,N3774D
11584,3,ORF1ab,del3774,3774,3774,NA
11614,57,ORF1ab,del3784-3802,3784,3802,NA
11629,3,ORF1ab,del3789,3789,3789,NA
11629,12,ORF1ab,del3789-3792,3789,3792,NA
11637,36,ORF1ab,del3791-3802/Y3803N,3791,3802,Y3803N
11642,30,ORF1ab,del3793-3802,3793,3802,NA
11661,9,ORF1ab,del3799-3801/R3802C,3799,3801,R3802C
11670,3,ORF1ab,del3802/Y3803H,3802,3802,Y3803H
11694,3,ORF1ab,del3810/Y3811D,3810,3810,Y3811D
11706,3,ORF1ab,del3815/L3814F,3815,3815,L3814F
11974,3,ORF1ab,del3904,3904,3904,NA
12030,3,ORF1ab,del3922/G3923R,3922,3922,G3923R
12055,3,ORF1ab,del3931,3931,3931,NA
12072,3,ORF1ab,del3937,3937,3937,NA
12138,3,ORF1ab,del3959,3959,3959,NA
12147,3,ORF1ab,del3962,3962,3962,NA
12235,3,ORF1ab,del3991/E3990D,3991,3991,E3990D
12253,3,ORF1ab,del3997,3997,3997,NA
12267,9,ORF1ab,del4002-4004,4002,4004,NA
12326,3,ORF1ab,del4021,4021,4021,NA
12384,3,ORF1ab,del4040/D4041Y,4040,4040,D4041Y
12448,42,ORF1ab,del4062-4075,4062,4075,NA
12463,96,ORF1ab,del4067-4098,4067,4098,NA
12524,3,ORF1ab,del4087,4087,4087,NA
12597,9,ORF1ab,del4112-4114,4112,4114,NA
12598,3,ORF1ab,del4112,4112,4112,NA
12600,3,ORF1ab,del4112/E4113K,4112,4112,E4113K
12603,3,ORF1ab,del4113/I4114V,4113,4113,I4114V
12603,6,ORF1ab,del4113-4114/S4115G,4113,4114,S4115G
12627,3,ORF1ab,del4121/L4122I,4121,4121,L4122I
12691,84,ORF1ab,del4143-4170,4143,4170,NA
12692,72,ORF1ab,del4143-4166,4143,4166,NA
12697,3,ORF1ab,del4145,4145,4145,NA
12719,42,ORF1ab,del4152-4165,4152,4165,NA
12724,3,ORF1ab,del4154,4154,4154,NA
12757,3,ORF1ab,del4165,4165,4165,NA
12767,3,ORF1ab,del4168,4168,4168,NA
12780,3,ORF1ab,del4173,4173,4173,NA
12785,3,ORF1ab,del4174,4174,4174,NA
12858,6,ORF1ab,del4199-4200/K4198N,4199,4200,K4198N
12873,6,ORF1ab,del4203-4204/I4205V,4203,4204,I4205V
12877,6,ORF1ab,del4205-4206,4205,4206,NA
13027,3,ORF1ab,del4255,4255,4255,NA
13061,108,ORF1ab,del4266-4301,4266,4301,NA
13077,111,ORF1ab,del4271-4307/I4308V,4271,4307,I4308V
13120,3,ORF1ab,del4286,4286,4286,NA
13143,3,ORF1ab,del4293/C4294S,4293,4293,C4294S
13195,3,ORF1ab,del4311,4311,4311,NA
13201,3,ORF1ab,del4313,4313,4313,NA
13218,3,ORF1ab,del4319,4319,4319,NA
13237,111,ORF1ab,del4325-4361,4325,4361,NA
13378,6,ORF1ab,del4372-4373,4372,4373,NA
13443,9,ORF1ab,del4394-4396,4394,4396,NA
13443,3,ORF1ab,del4394,4394,4394,NA
13455,3,ORF1ab,del4397/S4398P,4397,4397,S4398P
13489,6,ORF1ab,del4409-4410/Q4408H,4409,4410,Q4408H
13569,3,ORF1ab,del4436,4436,4436,NA
13610,3,ORF1ab,del4449,4449,4449,NA
13621,6,ORF1ab,del4453-4454,4453,4454,NA
13649,3,ORF1ab,del4462,4462,4462,NA
13721,3,ORF1ab,del4486,4486,4486,NA
13722,15,ORF1ab,del4486-4490/M4491L,4486,4490,M4491L
13723,15,ORF1ab,del4487-4491,4487,4491,NA
13727,6,ORF1ab,del4488-4489,4488,4489,NA
13770,30,ORF1ab,del4502-4511,4502,4511,NA
13820,3,ORF1ab,del4519,4519,4519,NA
13827,15,ORF1ab,del4522-4526,4522,4526,NA
13924,3,ORF1ab,del4554,4554,4554,NA
13931,3,ORF1ab,del4556,4556,4556,NA
13936,3,ORF1ab,del4558,4558,4558,NA
13971,3,ORF1ab,del4569/*4570K,4569,4569,NA
13996,3,ORF1ab,del4578,4578,4578,NA
14171,3,ORF1ab,del4636,4636,4636,NA
14222,15,ORF1ab,del4653-4657,4653,4657,NA
14331,171,ORF1ab,del4689-4745/Y4746N,4689,4745,Y4746N
14411,6,ORF1ab,del4716-4717,4716,4717,NA
14426,3,ORF1ab,del4721,4721,4721,NA
14476,54,ORF1ab,del4738-4755,4738,4755,NA
14483,18,ORF1ab,del4740-4745,4740,4745,NA
14487,15,ORF1ab,del4742-4746/E4741D,4742,4746,E4741D
14492,9,ORF1ab,del4743-4745,4743,4745,NA
14492,6,ORF1ab,del4743-4744,4743,4744,NA
14538,3,ORF1ab,del4759/L4758F,4759,4759,L4758F
14547,84,ORF1ab,del4761-4788/Q4789K,4761,4788,Q4789K
14573,3,ORF1ab,del4770,4770,4770,NA
14584,3,ORF1ab,del4774,4774,4774,NA
14647,3,ORF1ab,del4795,4795,4795,NA
14747,18,ORF1ab,del4828-4833,4828,4833,NA
14781,3,ORF1ab,del4840,4840,4840,NA
14849,6,ORF1ab,del4862-4863,4862,4863,NA
14851,3,ORF1ab,del4863/Y4862*,4863,4863,NA
14854,3,ORF1ab,del4864,4864,4864,NA
14872,3,ORF1ab,del4870,4870,4870,NA
14883,12,ORF1ab,del4874-4877/I4873M,4874,4877,I4873M
14901,3,ORF1ab,del4880,4880,4880,NA
14982,3,ORF1ab,del4907,4907,4907,NA
15199,3,ORF1ab,del4979,4979,4979,NA
15236,3,ORF1ab,del4991,4991,4991,NA
15293,3,ORF1ab,del5010,5010,5010,NA
15442,3,ORF1ab,del5060,5060,5060,NA
15481,3,ORF1ab,del5073,5073,5073,NA
15570,3,ORF1ab,del5103,5103,5103,NA
15753,15,ORF1ab,del5163-5167/W5168R,5163,5167,W5168R
15764,3,ORF1ab,del5167,5167,5167,NA
15855,3,ORF1ab,del5198,5198,5198,NA
15861,3,ORF1ab,del5200/K5199N,5200,5200,K5199N
15896,3,ORF1ab,del5211,5211,5211,NA
15945,3,ORF1ab,del5228,5228,5228,NA
15973,3,ORF1ab,del5237,5237,5237,NA
15977,3,ORF1ab,del5238,5238,5238,NA
16012,18,ORF1ab,del5250-5255/N5249K,5250,5255,N5249K
16066,54,ORF1ab,del5268-5285,5268,5285,NA
16115,3,ORF1ab,del5284,5284,5284,NA
16133,9,ORF1ab,del5290-5292,5290,5292,NA
16311,42,ORF1ab,del5349-5362/I5363L,5349,5362,I5363L
16397,3,ORF1ab,del5378,5378,5378,NA
16538,3,ORF1ab,del5425,5425,5425,NA
16575,171,ORF1ab,del5437-5493/V5494I,5437,5493,V5494I
16603,3,ORF1ab,del5447,5447,5447,NA
16636,3,ORF1ab,del5458,5458,5458,NA
16752,12,ORF1ab,del5497-5500,5497,5500,NA
16793,3,ORF1ab,del5510,5510,5510,NA
16851,3,ORF1ab,del5530,5530,5530,NA
16964,3,ORF1ab,del5567,5567,5567,NA
17138,84,ORF1ab,del5625-5652,5625,5652,NA
17160,48,ORF1ab,del5633-5648,5633,5648,NA
17453,3,ORF1ab,del5730,5730,5730,NA
17466,21,ORF1ab,del5735-5741/H5734Q,5735,5741,H5734Q
17486,3,ORF1ab,del5741,5741,5741,NA
17681,3,ORF1ab,del5806,5806,5806,NA
17839,3,ORF1ab,del5859,5859,5859,NA
18172,6,ORF1ab,del5970-5971,5970,5971,NA
18262,15,ORF1ab,del6000-6004,6000,6004,NA
18330,3,ORF1ab,del6022/E6023Q,6022,6022,E6023Q
18339,3,ORF1ab,del6026,6026,6026,NA
18351,6,ORF1ab,del6030-6031,6030,6031,NA
18391,3,ORF1ab,del6043,6043,6043,NA
18447,3,ORF1ab,del6062,6062,6062,NA
18658,9,ORF1ab,del6132-6134,6132,6134,NA
18666,3,ORF1ab,del6134/V6135L,6134,6134,V6135L
18675,72,ORF1ab,del6137-6160/S6161A,6137,6160,S6161A
18683,51,ORF1ab,del6140-6156,6140,6156,NA
18685,60,ORF1ab,del6141-6160/H6140Q,6141,6160,H6140Q
18740,3,ORF1ab,del6159,6159,6159,NA
18742,6,ORF1ab,del6160-6161,6160,6161,NA
18783,135,ORF1ab,del6174-6218,6174,6218,NA
18809,3,ORF1ab,del6182,6182,6182,NA
18816,6,ORF1ab,del6184-6185/V6186F,6184,6185,V6186F
18842,3,ORF1ab,del6193,6193,6193,NA
18878,3,ORF1ab,del6205,6205,6205,NA
18896,3,ORF1ab,del6211,6211,6211,NA
18905,3,ORF1ab,del6214,6214,6214,NA
18963,3,ORF1ab,del6234,6234,6234,NA
18985,3,ORF1ab,del6241,6241,6241,NA
18999,3,ORF1ab,del6246,6246,6246,NA
19021,15,ORF1ab,del6253-6257,6253,6257,NA
19028,3,ORF1ab,del6255,6255,6255,NA
19035,3,ORF1ab,del6258,6258,6258,NA
19043,6,ORF1ab,del6260-6261,6260,6261,NA
19083,9,ORF1ab,del6273-6275/M6276V,6273,6275,M6276V
19104,3,ORF1ab,del6281,6281,6281,NA
19106,3,ORF1ab,del6281,6281,6281,NA
19217,3,ORF1ab,del6318,6318,6318,NA
19248,3,ORF1ab,del6328/E6329Q,6328,6328,E6329Q
19280,6,ORF1ab,del6339-6340,6339,6340,NA
19284,3,ORF1ab,del6341,6341,6341,NA
19504,9,ORF1ab,del6414-6416,6414,6416,NA
19518,3,ORF1ab,del6418/I6419F,6418,6418,I6419F
19611,3,ORF1ab,del6450/Q6449H,6450,6450,Q6449H
19689,18,ORF1ab,del6475-6480/T6481P,6475,6480,T6481P
19857,3,ORF1ab,del6532,6532,6532,NA
19945,3,ORF1ab,del6561,6561,6561,NA
20001,3,ORF1ab,del6580,6580,6580,NA
20065,3,ORF1ab,del6601,6601,6601,NA
20125,12,ORF1ab,del6621-6624,6621,6624,NA
20136,6,ORF1ab,del6625-6626/*6624Y,6625,6626,NA
20179,3,ORF1ab,del6639,6639,6639,NA
20222,3,ORF1ab,del6653,6653,6653,NA
20246,36,ORF1ab,del6661-6672,6661,6672,NA
20298,3,ORF1ab,del6679/N6678K,6679,6679,N6678K
20339,3,ORF1ab,del6692,6692,6692,NA
20381,3,ORF1ab,del6706,6706,6706,NA
20387,6,ORF1ab,del6708-6709,6708,6709,NA
20399,3,ORF1ab,del6712,6712,6712,NA
20405,6,ORF1ab,del6714-6715,6714,6715,NA
20406,15,ORF1ab,del6715-6719,6715,6719,NA
20407,6,ORF1ab,del6715-6716,6715,6716,NA
20423,3,ORF1ab,del6720,6720,6720,NA
20475,3,ORF1ab,del6737/V6738L,6737,6737,V6738L
20477,9,ORF1ab,del6738-6740,6738,6740,NA
20477,3,ORF1ab,del6738,6738,6738,NA
20479,9,ORF1ab,del6739-6741,6739,6741,NA
20517,3,ORF1ab,del6752,6752,6752,NA
20532,3,ORF1ab,del6757,6757,6757,NA
20546,3,ORF1ab,del6761,6761,6761,NA
20566,9,ORF1ab,del6768-6770,6768,6770,NA
20670,87,ORF1ab,del6802-6830/V6831L,6802,6830,V6831L
20688,66,ORF1ab,del6809-6830,6809,6830,NA
20690,57,ORF1ab,del6809-6827,6809,6827,NA
20712,3,ORF1ab,del6817,6817,6817,NA
20759,3,ORF1ab,del6832,6832,6832,NA
20846,3,ORF1ab,del6861,6861,6861,NA
20884,3,ORF1ab,del6874/I6873M,6874,6874,I6873M
20937,3,ORF1ab,del6892,6892,6892,NA
20942,3,ORF1ab,del6893,6893,6893,NA
21074,3,ORF1ab,del6937,6937,6937,NA
21147,42,ORF1ab,del6962-6975,6962,6975,NA
21254,39,ORF1ab,del6997-7009,6997,7009,NA
21259,30,ORF1ab,del6999-7008,6999,7008,NA
21285,6,ORF1ab,del7008-7009,7008,7009,NA
21328,3,ORF1ab,del7022,7022,7022,NA
21361,192,ORF1ab,del7033-7096/Q7032H,7033,7096,Q7032H
21366,57,ORF1ab,del7034-7052/G7053R,7034,7052,G7053R
21483,3,ORF1ab,del7074,7074,7074,NA
21543,9,ORF1ab,del7093-7095/T7096S,7093,7095,T7096S
21547,3,ORF1ab,del7095,7095,7095,NA
21576,3,S,del6,6,6,NA
21579,3,S,del7,7,7,NA
21581,3,S,del7,7,7,NA
21598,12,S,del13-16,13,16,NA
21601,39,S,del14-26,14,26,NA
21601,9,S,del14-16,14,16,NA
21601,12,S,del14-17,14,17,NA
21601,15,S,del14-18,14,18,NA
21601,18,S,del14-19/S13R,14,19,S13R
21601,27,S,del14-22,14,22,NA
21602,18,S,del14-19,14,19,NA
21607,3,S,del16,16,16,NA
21609,3,S,del16/N17D,16,16,N17D
21609,6,S,del17-18,17,18,NA
21610,39,S,del17-29,17,29,NA
21610,3,S,del17,17,17,NA
21612,3,S,del17/L18I,17,17,L18I
21615,3,S,del18/T19P,18,18,T19P
21617,3,S,del19,19,19,NA
21617,6,S,del19-20,19,20,NA
21626,3,S,del22,22,22,NA
21631,3,S,del24,24,24,NA
21633,9,S,del24-26/A27S,24,26,A27S
21634,12,S,del25-28/L24F,25,28,L24F
21639,3,S,del27,27,27,NA
21651,6,S,del30-31/F32I,30,31,F32I
21651,3,S,del30/S31T,30,30,S31T
21679,150,S,del40-89,40,89,NA
21733,6,S,del58-59,58,59,NA
21734,3,S,del58,58,58,NA
21740,33,S,del60-70,60,70,NA
21741,39,S,del61-73,61,73,NA
21741,27,S,del60-68/H69Y,60,68,H69Y
21741,6,S,del60-61/V62F,60,61,V62F
21745,6,S,del62-63,62,63,NA
21747,6,S,del62-63/W64G,62,63,W64G
21750,6,S,del63-64/F65I,63,64,F65I
21752,6,S,del64-65,64,65,NA
21754,6,S,del65-66/W64C,65,66,W64C
21758,9,S,del66-68,66,68,NA
21759,24,S,del67-74,67,74,NA
21760,27,S,del67-75,67,75,NA
21760,3,S,del67,67,67,NA
21761,6,S,del67-68,67,68,NA
21762,3,S,del67/I68V,67,67,I68V
21762,6,S,del67-68/H69D,67,68,H69D
21763,6,S,del68-69,68,69,NA
21764,9,S,del68-70,68,70,NA
21765,6,S,del69-70,69,70,NA
21765,3,S,del68/H69N,68,68,H69N
21766,3,S,del69,69,69,NA
21767,6,S,del69-70,69,70,NA
21768,3,S,del69/V70L,69,69,V70L
21802,45,S,del81-95,81,95,NA
21805,9,S,del82-84/N81K,82,84,N81K
21805,294,S,del82-179,82,179,NA
21807,36,S,del83-94,83,94,NA
21812,282,S,del84-177,84,177,NA
21813,18,S,del85-90,85,90,NA
21814,33,S,del85-95,85,95,NA
21815,273,S,del85-175,85,175,NA
21815,207,S,del85-153,85,153,NA
21816,27,S,del86-94,86,94,NA
21818,3,S,del86,86,86,NA
21825,174,S,del89-146,89,146,NA
21831,3,S,del90/Y91D,90,90,Y91D
21853,3,S,del98/K97N,98,98,K97N
21860,3,S,del100,100,100,NA
21872,3,S,del104,104,104,NA
21874,6,S,del105-106/W104C,105,106,W104C
21883,3,S,del108,108,108,NA
21888,3,S,del109/L110I,109,109,L110I
21921,165,S,del121-175,121,175,NA
21929,159,S,del123-175,123,175,NA
21930,3,S,del124,124,124,NA
21955,6,S,del132-133,132,133,NA
21955,3,S,del132/C131*,132,132,NA
21957,6,S,del133-134,133,134,NA
21967,27,S,del136-144,136,144,NA
21967,6,S,del136-137,136,137,NA
21969,3,S,del136/N137Y,136,136,N137Y
21972,24,S,del138-145,138,145,NA
21972,3,S,del138,138,138,NA
21972,12,S,del137-140/L141M,137,140,L141M
21972,21,S,del138-144,138,144,NA
21973,114,S,del138-175,138,175,NA
21975,27,S,del139-147/D138E,139,147,D138E
21975,18,S,del139-144,139,144,NA
21975,9,S,del138-140/L141V,138,140,L141V
21975,21,S,del139-145,139,145,NA
21975,39,S,del138-150/S151G,138,150,S151G
21976,111,S,del139-175,139,175,NA
21976,39,S,del139-151,139,151,NA
21980,3,S,del140,140,140,NA
21980,12,S,del140-143,140,143,NA
21981,9,S,del141-143,141,143,NA
21981,6,S,del140-141/G142C,140,141,G142C
21982,12,S,del141-144,141,144,NA
21982,15,S,del141-145,141,145,NA
21983,3,S,del141,141,141,NA
21984,3,S,del141/G142C,141,141,G142C
21984,6,S,del142-143/L141F,142,143,L141F
21985,9,S,del142-144/L141F,142,144,L141F
21985,3,S,del142/L141F,142,142,L141F
21985,75,S,del142-166/L141F,142,166,L141F
21986,9,S,del142-144,142,144,NA
21986,3,S,del142,142,142,NA
21986,102,S,del142-175,142,175,NA
21987,6,S,del142-143/Y144D,142,143,Y144D
21987,9,S,del142-144/Y145D,142,144,Y145D
21988,3,S,del143,143,143,NA
21990,6,S,del143-144/Y145D,143,144,Y145D
21990,3,S,del143/Y144D,143,143,Y144D
21991,3,S,del144,144,144,NA
21991,6,S,del144-145,144,145,NA
21991,24,S,del144-151,144,151,NA
21993,15,S,del145-149,145,149,NA
21993,6,S,del145-146,145,146,NA
21994,21,S,del145-151,145,151,NA
21995,3,S,del145,145,145,NA
21996,3,S,del146,146,146,NA
21999,9,S,del147-149,147,149,NA
21999,6,S,del147-148,147,148,NA
22004,3,S,del148,148,148,NA
22014,72,S,del151-174/F175I,151,174,F175I
22015,69,S,del152-174,152,174,NA
22018,6,S,del153-154/W152*,153,154,NA
22020,3,S,del153/E154K,153,153,E154K
22022,6,S,del154-155,154,155,NA
22025,6,S,del155-156,155,156,NA
22026,6,S,del155-156/F157I,155,156,F157I
22027,6,S,del156-157,156,157,NA
22027,60,S,del156-175,156,175,NA
22028,6,S,del156-157,156,157,NA
22028,9,S,del156-158,156,158,NA
22029,6,S,del156-157/R158G,156,157,R158G
22029,3,S,del156/F157V,156,156,F157V
22030,6,S,del157-158,157,158,NA
22037,51,S,del159-175,159,175,NA
22047,12,S,del163-166,163,166,NA
22060,27,S,del167-175,167,175,NA
22061,27,S,del167-175,167,175,NA
22061,39,S,del167-179,167,179,NA
22062,24,S,del167-174/F175I,167,174,F175I
22066,6,S,del169-170,169,170,NA
22073,3,S,del171,171,171,NA
22086,6,S,del176-177/F175L,176,177,F175L
22092,6,S,del178-179/M177I,178,179,M177I
22102,3,S,del181,181,181,NA
22153,3,S,del198,198,198,NA
22158,3,S,del199/Y200D,199,199,Y200D
22159,3,S,del200,200,200,NA
22162,3,S,del201,201,201,NA
22189,3,S,del210,210,210,NA
22191,6,S,del211-212,211,212,NA
22192,3,S,del211,211,211,NA
22193,6,S,del211-212,211,212,NA
22194,3,S,del211/L212I,211,211,L212I
22196,3,S,del212,212,212,NA
22200,30,S,del214-223,214,223,NA
22280,9,S,del240-242,240,242,NA
22281,9,S,del241-243,241,243,NA
22281,3,S,del240/L241I,240,240,L241I
22281,6,S,del240-241/L242I,240,241,L242I
22282,21,S,del241-247,241,247,NA
22285,15,S,del242-246,242,246,NA
22286,3,S,del242,242,242,NA
22287,6,S,del243-244,243,244,NA
22288,3,S,del243,243,243,NA
22289,6,S,del243-244,243,244,NA
22290,3,S,del243/L244V,243,243,L244V
22291,6,S,del244-245,244,245,NA
22291,12,S,del244-247,244,247,NA
22294,3,S,del245/L244F,245,245,L244F
22294,6,S,del245-246,245,246,NA
22299,21,S,del246-252/D253N,246,252,D253N
22315,3,S,del252,252,252,NA
22323,27,S,del255-263,255,263,NA
22329,21,S,del257-263,257,263,NA
22329,18,S,del257-262,257,262,NA
22331,24,S,del257-264,257,264,NA
22333,21,S,del258-264,258,264,NA
22338,3,S,del260,260,260,NA
22342,3,S,del261,261,261,NA
22342,18,S,del261-266,261,266,NA
22354,3,S,del265,265,265,NA
22584,3,S,del342,342,342,NA
22587,3,S,del342/N343Y,342,342,N343Y
22616,6,S,del352-353,352,353,NA
22682,9,S,del374-376,374,376,NA
22701,66,S,del380-401/I402F,380,401,I402F
22713,3,S,del385,385,385,NA
22738,3,S,del393,393,393,NA
22743,3,S,del394/V395I,394,394,V395I
22841,3,S,del427,427,427,NA
22897,3,S,del446,446,446,NA
22939,24,S,del460-467,460,467,NA
22968,27,S,del470-478,470,478,NA
22972,102,S,del471-504,471,504,NA
22972,3,S,del471,471,471,NA
22973,117,S,del471-509,471,509,NA
22974,111,S,del472-508/E471D,472,508,E471D
22979,96,S,del473-504,473,504,NA
22981,93,S,del474-504,474,504,NA
22983,93,S,del475-505/Q474H,475,505,Q474H
22983,102,S,del475-508/Q474H,475,508,Q474H
22984,90,S,del475-504/Q474H,475,504,Q474H
22985,90,S,del475-504,475,504,NA
23004,3,S,del481/G482S,481,481,G482S
23005,66,S,del482-503,482,503,NA
23005,3,S,del482,482,482,NA
23008,3,S,del483,483,483,NA
23041,3,S,del494,494,494,NA
23045,30,S,del495-504,495,504,NA
23047,27,S,del496-504,496,504,NA
23053,24,S,del498-505,498,505,NA
23054,21,S,del498-504,498,504,NA
23055,30,S,del499-508/Q498H,499,508,Q498H
23056,3,S,del499/Q498H,499,499,Q498H
23062,12,S,del501-504,501,504,NA
23065,6,S,del502-503,502,503,NA
23065,3,S,del502,502,502,NA
23065,18,S,del502-507/N501K,502,507,N501K
23065,9,S,del502-504,502,504,NA
23071,3,S,del504,504,504,NA
23257,87,S,del566-594,566,594,NA
23305,18,S,del582-587,582,587,NA
23417,12,S,del619-622,619,622,NA
23427,6,S,del623-624,623,624,NA
23470,9,S,del637-639,637,639,NA
23481,3,S,del640/N641Y,640,640,N641Y
23484,6,S,del641-642/F643I,641,642,F643I
23484,3,S,del641/V642I,641,641,V642I
23487,3,S,del643,643,643,NA
23583,15,S,del675-679,675,679,NA
23584,6,S,del675-676,675,676,NA
23588,9,S,del676-678,676,678,NA
23588,3,S,del676,676,676,NA
23598,3,S,del679/S680T,679,679,S680T
23598,24,S,del679-686/V687I,679,686,V687I
23601,3,S,del681,681,681,NA
23626,3,S,del689,689,689,NA
23628,3,S,del689/Q690K,689,689,Q690K
23686,3,S,del709,709,709,NA
23898,3,S,del780,780,780,NA
23934,3,S,del792,792,792,NA
23947,63,S,del796-816,796,816,NA
24012,15,S,del818-822,818,822,NA
24012,3,S,del818,818,818,NA
24015,15,S,del819-823,819,823,NA
24017,9,S,del819-821,819,821,NA
24026,3,S,del822,822,822,NA
24069,3,S,del837/Q836H,837,837,Q836H
24126,15,S,del856-860,856,860,NA
24126,9,S,del856-858,856,858,NA
24129,12,S,del856-859/V860I,856,859,V860I
24135,6,S,del859-860,859,860,NA
24205,12,S,del882-885,882,885,NA
24374,33,S,del938-948,938,948,NA
24384,3,S,del942,942,942,NA
24436,15,S,del959-963,959,963,NA
24447,3,S,del963,963,963,NA
24697,15,S,del1046-1050,1046,1050,NA
24753,3,S,del1064/V1065L,1064,1064,V1065L
24787,72,S,del1076-1099,1076,1099,NA
24810,3,S,del1084,1084,1084,NA
24824,12,S,del1088-1091,1088,1091,NA
24931,3,S,del1124,1124,1124,NA
24951,24,S,del1130-1137/Y1138N,1130,1137,Y1138N
25164,3,S,del1202,1202,1202,NA
25228,3,S,del1223,1223,1223,NA
25242,3,S,del1228,1228,1228,NA
25244,15,S,del1228-1232,1228,1232,NA
25247,3,S,del1229,1229,1229,NA
25277,9,S,del1239-1241,1239,1241,NA
25281,6,S,del1241-1242,1241,1242,NA
25287,3,S,del1243,1243,1243,NA
25299,3,S,del1247,1247,1247,NA
25301,3,S,del1247,1247,1247,NA
25330,3,S,del1257,1257,1257,NA
25356,9,S,del1266-1268,1266,1268,NA
25393,3,ORF3a,del1,1,1,NA
25394,6,ORF3a,del2-3,2,3,NA
25400,6,ORF3a,del4-5,4,5,NA
25404,57,ORF3a,del5-23,5,23,NA
25405,36,ORF3a,del5-16,5,16,NA
25405,33,ORF3a,del5-15,5,15,NA
25413,12,ORF3a,del8-11,8,11,NA
25414,21,ORF3a,del8-14,8,14,NA
25415,15,ORF3a,del9-13/F8L,9,13,F8L
25416,9,ORF3a,del9-11/F8L,9,11,F8L
25416,54,ORF3a,del9-26/F8L,9,26,F8L
25417,6,ORF3a,del9-10,9,10,NA
25419,12,ORF3a,del10-13,10,13,NA
25419,24,ORF3a,del10-17,10,17,NA
25420,3,ORF3a,del10,10,10,NA
25421,15,ORF3a,del11-15/I10M,11,15,I10M
25422,12,ORF3a,del11-14,11,14,NA
25422,24,ORF3a,del11-18,11,18,NA
25422,6,ORF3a,del11-12,11,12,NA
25423,9,ORF3a,del11-13,11,13,NA
25423,30,ORF3a,del11-20,11,20,NA
25423,21,ORF3a,del11-17,11,17,NA
25423,15,ORF3a,del11-15,11,15,NA
25424,30,ORF3a,del11-20/K21E,11,20,K21E
25424,12,ORF3a,del11-14/L15V,11,14,L15V
25424,15,ORF3a,del11-15/K16E,11,15,K16E
25425,27,ORF3a,del12-20,12,20,NA
25425,24,ORF3a,del12-19,12,19,NA
25425,6,ORF3a,del12-13,12,13,NA
25425,3,ORF3a,del12,12,12,NA
25428,18,ORF3a,del13-18,13,18,NA
25429,12,ORF3a,del13-16,13,16,NA
25430,6,ORF3a,del14-15,14,15,NA
25430,21,ORF3a,del14-20,14,20,NA
25430,24,ORF3a,del13-20/K21E,13,20,K21E
25431,12,ORF3a,del14-17,14,17,NA
25432,6,ORF3a,del14-15,14,15,NA
25432,21,ORF3a,del14-20,14,20,NA
25437,18,ORF3a,del16-21,16,21,NA
25437,12,ORF3a,del16-19,16,19,NA
25437,6,ORF3a,del16-17,16,17,NA
25437,3,ORF3a,del16,16,16,NA
25438,6,ORF3a,del16-17,16,17,NA
25439,3,ORF3a,del17,17,17,NA
25446,30,ORF3a,del19-28,19,28,NA
25447,9,ORF3a,del19-21,19,21,NA
25448,15,ORF3a,del19-23/T24A,19,23,T24A
25448,6,ORF3a,del20-21,20,21,NA
25448,33,ORF3a,del19-29/R30G,19,29,R30G
25456,27,ORF3a,del22-30,22,30,NA
25457,18,ORF3a,del22-27/F28V,22,27,F28V
25459,24,ORF3a,del23-30,23,30,NA
25463,12,ORF3a,del24-27/F28I,24,27,F28I
25467,6,ORF3a,del26-27,26,27,NA
25468,42,ORF3a,del26-39,26,39,NA
25469,9,ORF3a,del26-28/V29F,26,28,V29F
25469,33,ORF3a,del26-36/I37L,26,36,I37L
25469,3,ORF3a,del26/D27Y,26,26,D27Y
25473,57,ORF3a,del28-46,28,46,NA
25475,3,ORF3a,del29,29,29,NA
25475,12,ORF3a,del28-31/T32S,28,31,T32S
25475,57,ORF3a,del29-47,29,47,NA
25478,3,ORF3a,del29/R30G,29,29,R30G
25497,15,ORF3a,del36-40,36,40,NA
25498,36,ORF3a,del36-47,36,47,NA
25498,33,ORF3a,del36-46,36,46,NA
25501,33,ORF3a,del37-47,37,47,NA
25504,33,ORF3a,del38-48,38,48,NA
25504,30,ORF3a,del38-47,38,47,NA
25504,27,ORF3a,del38-46,38,46,NA
25511,6,ORF3a,del41-42,41,42,NA
25512,9,ORF3a,del41-43,41,43,NA
25512,3,ORF3a,del41,41,41,NA
25515,9,ORF3a,del42-44,42,44,NA
25518,3,ORF3a,del43,43,43,NA
25518,15,ORF3a,del43-47,43,47,NA
25519,3,ORF3a,del43,43,43,NA
25520,15,ORF3a,del44-48,44,48,NA
25520,12,ORF3a,del44-47,44,47,NA
25529,3,ORF3a,del47,47,47,NA
25532,3,ORF3a,del48,48,48,NA
25532,18,ORF3a,del48-53,48,53,NA
25532,15,ORF3a,del48-52,48,52,NA
25546,3,ORF3a,del52,52,52,NA
25547,9,ORF3a,del53-55,53,55,NA
25550,3,ORF3a,del53/A54P,53,53,A54P
25550,9,ORF3a,del54-56,54,56,NA
25550,6,ORF3a,del54-55,54,55,NA
25551,3,ORF3a,del54,54,54,NA
25628,3,ORF3a,del80,80,80,NA
25643,3,ORF3a,del85,85,85,NA
25643,6,ORF3a,del85-86,85,86,NA
25645,18,ORF3a,del85-90,85,90,NA
25648,15,ORF3a,del86-90,86,90,NA
25648,27,ORF3a,del86-94,86,94,NA
25648,6,ORF3a,del86-87,86,87,NA
25651,12,ORF3a,del87-90,87,90,NA
25652,9,ORF3a,del88-90,88,90,NA
25652,21,ORF3a,del88-94,88,94,NA
25657,6,ORF3a,del89-90,89,90,NA
25661,12,ORF3a,del91-94,91,94,NA
25683,3,ORF3a,del98,98,98,NA
25696,3,ORF3a,del102,102,102,NA
25700,12,ORF3a,del103-106/Y107D,103,106,Y107D
25704,9,ORF3a,del105-107,105,107,NA
25704,12,ORF3a,del105-108,105,108,NA
25704,6,ORF3a,del105-106,105,106,NA
25704,3,ORF3a,del105,105,105,NA
25706,3,ORF3a,del106,106,106,NA
25706,9,ORF3a,del106-108,106,108,NA
25707,6,ORF3a,del106-107,106,107,NA
25707,12,ORF3a,del106-109,106,109,NA
25711,6,ORF3a,del107-108,107,108,NA
25712,9,ORF3a,del107-109/A110S,107,109,A110S
25713,12,ORF3a,del108-111/Y107*,108,111,NA
25716,6,ORF3a,del109-110,109,110,NA
25717,9,ORF3a,del109-111,109,111,NA
25718,3,ORF3a,del109/A110S,109,109,A110S
25719,6,ORF3a,del110-111/Y109*,110,111,NA
25769,6,ORF3a,del127-128,127,128,NA
25782,27,ORF3a,del131-139/C130*,131,139,NA
25822,9,ORF3a,del144-146,144,146,NA
25827,3,ORF3a,del146,146,146,NA
25827,6,ORF3a,del146-147,146,147,NA
25829,3,ORF3a,del147,147,147,NA
25853,3,ORF3a,del155,155,155,NA
25915,3,ORF3a,del175,175,175,NA
25920,3,ORF3a,del177,177,177,NA
25996,3,ORF3a,del202,202,202,NA
26092,3,ORF3a,del234,234,234,NA
26096,18,ORF3a,del236-241,236,241,NA
26096,6,ORF3a,del235-236/V237I,235,236,V237I
26098,3,ORF3a,del236,236,236,NA
26099,3,ORF3a,del237,237,237,NA
26140,15,ORF3a,del250-254,250,254,NA
26154,6,ORF3a,del255-256,255,256,NA
26155,3,ORF3a,del255,255,255,NA
26156,24,ORF3a,del256-263,256,263,NA
26158,21,ORF3a,del256-262,256,262,NA
26158,12,ORF3a,del256-259,256,259,NA
26158,15,ORF3a,del256-260,256,260,NA
26159,21,ORF3a,del257-263,257,263,NA
26159,24,ORF3a,del256-263/Y264D,256,263,Y264D
26159,3,ORF3a,del256/N257D,256,256,N257D
26160,3,ORF3a,del257,257,257,NA
26161,9,ORF3a,del257-259,257,259,NA
26161,18,ORF3a,del257-262,257,262,NA
26161,12,ORF3a,del257-260,257,260,NA
26162,21,ORF3a,del258-264,258,264,NA
26164,3,ORF3a,del258,258,258,NA
26170,3,ORF3a,del260,260,260,NA
26170,12,ORF3a,del260-263,260,263,NA
26192,3,ORF3a,del268,268,268,NA
26284,3,E,del14,14,14,NA
26294,12,E,del18-21,18,21,NA
26320,33,E,del26-36,26,36,NA
26327,3,E,del29,29,29,NA
26330,27,E,del29-37/R38G,29,37,R38G
26332,21,E,del30-36,30,36,NA
26368,6,E,del42-43,42,43,NA
26465,3,E,del75,75,75,NA
26528,3,M,del3,3,3,NA
26529,45,M,del3-17,3,17,NA
26533,12,M,del4-7/I8F,4,7,I8F
26540,6,M,del7-8,7,8,NA
26545,9,M,del8-10/E11K,8,10,E11K
26550,3,M,del10,10,10,NA
26559,12,M,del13-16,13,16,NA
26563,12,M,del15-18,15,18,NA
26568,72,M,del16-39,16,39,NA
26568,54,M,del16-33,16,33,NA
26574,30,M,del18-27,18,27,NA
26604,36,M,del28-39,28,39,NA
26609,30,M,del30-39,30,39,NA
26621,18,M,del34-39,34,39,NA
26627,12,M,del36-39,36,39,NA
26629,3,M,del36/F37L,36,36,F37L
26635,3,M,del38/Y39D,38,38,Y39D
26773,54,M,del85-102,85,102,NA
26774,63,M,del85-105/M84I,85,105,M84I
26775,39,M,del85-97,85,97,NA
26776,42,M,del86-99,86,99,NA
26777,3,M,del86,86,86,NA
26780,39,M,del87-99,87,99,NA
26780,33,M,del87-97,87,97,NA
26782,3,M,del88,88,88,NA
26785,36,M,del89-100,89,100,NA
26855,33,M,del112-122,112,122,NA
26875,3,M,del119,119,119,NA
26880,6,M,del120-121,120,121,NA
26908,3,M,del129/T130P,129,129,T130P
26912,3,M,del131,131,131,NA
26935,3,M,del139,139,139,NA
26957,3,M,del146,146,146,NA
27019,3,M,del167,167,167,NA
27046,18,M,del175-180/L181M,175,180,L181M
27053,3,M,del178,178,178,NA
27056,9,M,del179-181/Y178*,179,181,NA
27058,3,M,del180/Y179*,180,180,NA
27134,6,M,del205-206/Y204*,205,206,NA
27140,6,M,del207-208,207,208,NA
27202,15,ORF6,del1-5,1,5,NA
27203,12,ORF6,del2-5/M1I,2,5,M1I
27205,15,ORF6,del2-6,2,6,NA
27205,3,ORF6,del2,2,2,NA
27205,18,ORF6,del2-7,2,7,NA
27206,9,ORF6,del3-5,3,5,NA
27207,24,ORF6,del3-10,3,10,NA
27210,6,ORF6,del4-5,4,5,NA
27211,3,ORF6,del4,4,4,NA
27214,3,ORF6,del5,5,5,NA
27215,6,ORF6,del6-7,6,7,NA
27222,3,ORF6,del8/F7L,8,8,F7L
27224,6,ORF6,del8-9/T10P,8,9,T10P
27228,3,ORF6,del10,10,10,NA
27234,36,ORF6,del12-23,12,23,NA
27236,84,ORF6,del12-39/L40V,12,39,L40V
27241,57,ORF6,del14-32,14,32,NA
27245,60,ORF6,del16-35/L15F,16,35,L15F
27245,3,ORF6,del16,16,16,NA
27248,60,ORF6,del17-36,17,36,NA
27250,3,ORF6,del17,17,17,NA
27257,24,ORF6,del19-26/W27R,19,26,W27R
27264,36,ORF6,del22-33,22,33,NA
27264,24,ORF6,del22-29,22,29,NA
27264,27,ORF6,del22-30,22,30,NA
27266,24,ORF6,del22-29/D30Y,22,29,D30Y
27266,21,ORF6,del23-29,23,29,NA
27266,3,ORF6,del22/K23*,22,22,NA
27267,27,ORF6,del23-31,23,31,NA
27268,27,ORF6,del23-31,23,31,NA
27268,33,ORF6,del23-33,23,33,NA
27269,21,ORF6,del24-30/K23N,24,30,K23N
27269,24,ORF6,del24-31/K23N,24,31,K23N
27272,6,ORF6,del25-26,25,26,NA
27273,18,ORF6,del25-30,25,30,NA
27281,9,ORF6,del27-29/D30Y,27,29,D30Y
27289,12,ORF6,del30-33,30,33,NA
27290,3,ORF6,del31,31,31,NA
27294,3,ORF6,del32,32,32,NA
27296,9,ORF6,del33-35,33,35,NA
27325,3,ORF6,del42,42,42,NA
27385,6,ORF6,del62-63,62,63,NA
27394,9,ORF7a,del1-3,1,3,NA
27397,6,ORF7a,del2-3,2,3,NA
27400,3,ORF7a,del3,3,3,NA
27401,63,ORF7a,del4-24,4,24,NA
27402,60,ORF7a,del4-23,4,23,NA
27402,69,ORF7a,del4-26,4,26,NA
27403,339,ORF7a,del4-116,4,116,NA
27403,39,ORF7a,del4-16,4,16,NA
27405,57,ORF7a,del5-23,5,23,NA
27406,54,ORF7a,del5-22,5,22,NA
27407,54,ORF7a,del5-22/C23R,5,22,C23R
27408,51,ORF7a,del6-22,6,22,NA
27423,51,ORF7a,del11-27,11,27,NA
27426,18,ORF7a,del12-17,12,17,NA
27428,9,ORF7a,del12-14/C15R,12,14,C15R
27431,3,ORF7a,del14,14,14,NA
27434,3,ORF7a,del14/C15S,14,14,C15S
27472,3,ORF7a,del27,27,27,NA
27485,21,ORF7a,del31-37/G38*,31,37,NA
27491,33,ORF7a,del33-43/S44A,33,43,S44A
27494,18,ORF7a,del34-39/Y40H,34,39,Y40H
27497,21,ORF7a,del36-42,36,42,NA
27498,24,ORF7a,del36-43,36,43,NA
27503,6,ORF7a,del38-39,38,39,NA
27506,6,ORF7a,del38-39/Y40D,38,39,Y40D
27512,9,ORF7a,del41-43,41,43,NA
27513,18,ORF7a,del41-46,41,46,NA
27522,63,ORF7a,del44-64,44,64,NA
27524,33,ORF7a,del45-55,45,55,NA
27524,3,ORF7a,del45,45,45,NA
27524,60,ORF7a,del45-64,45,64,NA
27525,6,ORF7a,del45-46,45,46,NA
27525,30,ORF7a,del45-54,45,54,NA
27528,24,ORF7a,del46-53,46,53,NA
27528,33,ORF7a,del46-56,46,56,NA
27529,39,ORF7a,del46-58,46,58,NA
27530,27,ORF7a,del46-54/A55S,46,54,A55S
27531,63,ORF7a,del47-67,47,67,NA
27531,60,ORF7a,del47-66,47,66,NA
27532,129,ORF7a,del47-89,47,89,NA
27533,12,ORF7a,del48-51,48,51,NA
27533,81,ORF7a,del47-73/V74L,47,73,V74L
27533,84,ORF7a,del48-75,48,75,NA
27536,81,ORF7a,del48-74/Y75H,48,74,Y75H
27541,87,ORF7a,del50-78,50,78,NA
27542,75,ORF7a,del50-74/Y75D,50,74,Y75D
27546,30,ORF7a,del52-61,52,61,NA
27547,84,ORF7a,del52-79,52,79,NA
27547,3,ORF7a,del52,52,52,NA
27548,39,ORF7a,del52-64/F65I,52,64,F65I
27548,45,ORF7a,del52-66/C67S,52,66,C67S
27548,75,ORF7a,del52-76/L77I,52,76,L77I
27549,81,ORF7a,del53-79,53,79,NA
27549,24,ORF7a,del53-60,53,60,NA
27550,6,ORF7a,del53-54,53,54,NA
27550,96,ORF7a,del53-84,53,84,NA
27551,3,ORF7a,del53/F54I,53,53,F54I
27551,69,ORF7a,del54-76,54,76,NA
27551,90,ORF7a,del53-82/S83T,53,82,S83T
27551,27,ORF7a,del54-62,54,62,NA
27551,42,ORF7a,del53-66/C67S,53,66,C67S
27552,30,ORF7a,del54-63/K53N,54,63,K53N
27552,54,ORF7a,del54-71,54,71,NA
27552,3,ORF7a,del54/K53N,54,54,K53N
27552,72,ORF7a,del54-77,54,77,NA
27553,3,ORF7a,del54,54,54,NA
27553,99,ORF7a,del54-86,54,86,NA
27553,63,ORF7a,del54-74,54,74,NA
27553,33,ORF7a,del54-64,54,64,NA
27553,69,ORF7a,del54-76,54,76,NA
27553,30,ORF7a,del54-63,54,63,NA
27553,15,ORF7a,del54-58,54,58,NA
27553,36,ORF7a,del54-65,54,65,NA
27554,93,ORF7a,del54-84/K85*,54,84,NA
27554,90,ORF7a,del54-83/P84S,54,83,P84S
27554,72,ORF7a,del54-77/R78C,54,77,R78C
27554,51,ORF7a,del55-71/F54L,55,71,F54L
27554,84,ORF7a,del55-82,55,82,NA
27555,87,ORF7a,del55-83/F54L,55,83,F54L
27555,3,ORF7a,del55/F54L,55,55,F54L
27555,39,ORF7a,del55-67,55,67,NA
27555,9,ORF7a,del55-57,55,57,NA
27555,81,ORF7a,del55-81/F54L,55,81,F54L
27555,78,ORF7a,del55-80/F54L,55,80,F54L
27555,24,ORF7a,del55-62/F54L,55,62,F54L
27555,66,ORF7a,del55-76/F54L,55,76,F54L
27555,90,ORF7a,del55-84,55,84,NA
27555,72,ORF7a,del55-78,55,78,NA
27555,30,ORF7a,del55-64,55,64,NA
27555,63,ORF7a,del55-75,55,75,NA
27556,3,ORF7a,del55,55,55,NA
27556,6,ORF7a,del55-56,55,56,NA
27556,60,ORF7a,del55-74,55,74,NA
27556,51,ORF7a,del55-71,55,71,NA
27556,69,ORF7a,del55-77,55,77,NA
27556,24,ORF7a,del55-62,55,62,NA
27556,96,ORF7a,del55-86,55,86,NA
27556,75,ORF7a,del55-79,55,79,NA
27557,63,ORF7a,del55-75/Q76E,55,75,Q76E
27557,84,ORF7a,del56-83,56,83,NA
27557,78,ORF7a,del56-81,56,81,NA
27558,66,ORF7a,del56-77,56,77,NA
27558,81,ORF7a,del56-82,56,82,NA
27558,75,ORF7a,del56-80,56,80,NA
27559,12,ORF7a,del56-59,56,59,NA
27560,21,ORF7a,del57-63,57,63,NA
27562,27,ORF7a,del57-65,57,65,NA
27562,3,ORF7a,del57,57,57,NA
27563,81,ORF7a,del58-84,58,84,NA
27563,27,ORF7a,del58-66,58,66,NA
27563,21,ORF7a,del58-64,58,64,NA
27564,60,ORF7a,del58-77,58,77,NA
27564,3,ORF7a,del58,58,58,NA
27565,51,ORF7a,del58-74,58,74,NA
27565,66,ORF7a,del58-79,58,79,NA
27566,81,ORF7a,del58-84/K85*,58,84,NA
27566,54,ORF7a,del58-75/Q76*,58,75,NA
27566,6,ORF7a,del59-60,59,60,NA
27567,48,ORF7a,del59-74,59,74,NA
27567,57,ORF7a,del59-77/C58*,59,77,NA
27568,51,ORF7a,del59-75,59,75,NA
27568,12,ORF7a,del59-62,59,62,NA
27568,54,ORF7a,del59-76,59,76,NA
27568,18,ORF7a,del59-64,59,64,NA
27568,9,ORF7a,del59-61,59,61,NA
27568,15,ORF7a,del59-63,59,63,NA
27569,9,ORF7a,del59-61/Q62*,59,61,NA
27570,33,ORF7a,del60-70,60,70,NA
27570,24,ORF7a,del60-67,60,67,NA
27570,48,ORF7a,del60-75,60,75,NA
27570,9,ORF7a,del60-62/F59L,60,62,F59L
27570,57,ORF7a,del60-78,60,78,NA
27571,60,ORF7a,del60-79,60,79,NA
27571,54,ORF7a,del60-77,60,77,NA
27571,45,ORF7a,del60-74,60,74,NA
27571,36,ORF7a,del60-71,60,71,NA
27572,6,ORF7a,del60-61/Q62K,60,61,Q62K
27572,21,ORF7a,del61-67,61,67,NA
27572,15,ORF7a,del60-64/F65I,60,64,F65I
27572,48,ORF7a,del60-75/Q76K,60,75,Q76K
27572,30,ORF7a,del61-70,61,70,NA
27573,6,ORF7a,del61-62/S60R,61,62,S60R
27573,51,ORF7a,del61-77/S60R,61,77,S60R
27573,57,ORF7a,del61-79,61,79,NA
27575,15,ORF7a,del62-66,62,66,NA
27575,66,ORF7a,del62-83,62,83,NA
27575,60,ORF7a,del62-81,62,81,NA
27575,69,ORF7a,del62-84,62,84,NA
27576,18,ORF7a,del62-67,62,67,NA
27576,39,ORF7a,del62-74,62,74,NA
27576,42,ORF7a,del62-75,62,75,NA
27577,45,ORF7a,del62-76,62,76,NA
27577,3,ORF7a,del62,62,62,NA
27577,33,ORF7a,del62-72,62,72,NA
27578,45,ORF7a,del62-76,62,76,NA
27578,27,ORF7a,del62-70/V71L,62,70,V71L
27578,39,ORF7a,del63-75/Q62H,63,75,Q62H
27578,3,ORF7a,del62/F63L,62,62,F63L
27579,3,ORF7a,del63/Q62H,63,63,Q62H
27579,51,ORF7a,del63-79/Q62H,63,79,Q62H
27579,15,ORF7a,del63-67/Q62H,63,67,Q62H
27579,27,ORF7a,del63-71,63,71,NA
27579,9,ORF7a,del63-65/Q62H,63,65,Q62H
27579,45,ORF7a,del63-77,63,77,NA
27580,66,ORF7a,del63-84,63,84,NA
27580,3,ORF7a,del63,63,63,NA
27580,42,ORF7a,del63-76,63,76,NA
27580,18,ORF7a,del63-68,63,68,NA
27580,9,ORF7a,del63-65,63,65,NA
27580,6,ORF7a,del63-64,63,64,NA
27582,39,ORF7a,del64-76/F63L,64,76,F63L
27582,3,ORF7a,del64,64,64,NA
27582,45,ORF7a,del64-78,64,78,NA
27582,36,ORF7a,del64-75,64,75,NA
27583,42,ORF7a,del64-77,64,77,NA
27583,48,ORF7a,del64-79,64,79,NA
27585,33,ORF7a,del65-75,65,75,NA
27586,36,ORF7a,del65-76,65,76,NA
27586,30,ORF7a,del65-74,65,74,NA
27589,36,ORF7a,del66-77,66,77,NA
27589,54,ORF7a,del66-83,66,83,NA
27590,51,ORF7a,del67-83,67,83,NA
27591,48,ORF7a,del67-82,67,82,NA
27591,33,ORF7a,del67-77,67,77,NA
27594,30,ORF7a,del68-77/C67*,68,77,NA
27594,3,ORF7a,del68,68,68,NA
27594,24,ORF7a,del68-75,68,75,NA
27596,21,ORF7a,del68-74/Y75H,68,74,Y75H
27599,33,ORF7a,del69-79/R80G,69,79,R80G
27599,21,ORF7a,del70-76/D69E,70,76,D69E
27599,48,ORF7a,del70-85/D69E,70,85,D69E
27599,42,ORF7a,del69-82/S83A,69,82,S83A
27603,9,ORF7a,del71-73,71,73,NA
27603,6,ORF7a,del71-72,71,72,NA
27605,18,ORF7a,del72-77,72,77,NA
27606,27,ORF7a,del72-80,72,80,NA
27606,30,ORF7a,del72-81,72,81,NA
27608,33,ORF7a,del72-82/S83T,72,82,S83T
27616,24,ORF7a,del75-82,75,82,NA
27616,18,ORF7a,del75-80,75,80,NA
27617,3,ORF7a,del76/Y75*,76,76,NA
27618,6,ORF7a,del76-77/Y75*,76,77,NA
27618,27,ORF7a,del76-84,76,84,NA
27621,3,ORF7a,del77,77,77,NA
27622,15,ORF7a,del77-81,77,81,NA
27624,9,ORF7a,del78-80,78,80,NA
27624,12,ORF7a,del78-81,78,81,NA
27624,24,ORF7a,del78-85,78,85,NA
27625,15,ORF7a,del78-82,78,82,NA
27626,27,ORF7a,del78-86/F87L,78,86,F87L
27626,6,ORF7a,del79-80,79,80,NA
27629,12,ORF7a,del80-83,80,83,NA
27629,6,ORF7a,del80-81,80,81,NA
27630,9,ORF7a,del80-82,80,82,NA
27631,15,ORF7a,del80-84,80,84,NA
27632,9,ORF7a,del80-82/S83T,80,82,S83T
27634,6,ORF7a,del81-82,81,82,NA
27635,12,ORF7a,del81-84/K85*,81,84,NA
27636,3,ORF7a,del82,82,82,NA
27637,3,ORF7a,del82,82,82,NA
27638,6,ORF7a,del82-83/P84A,82,83,P84A
27646,12,ORF7a,del85-88,85,88,NA
27671,24,ORF7a,del94-101,94,101,NA
27671,27,ORF7a,del94-102,94,102,NA
27671,48,ORF7a,del94-109,94,109,NA
27671,9,ORF7a,del94-96,94,96,NA
27672,15,ORF7a,del94-98,94,98,NA
27673,78,ORF7a,del94-119,94,119,NA
27674,3,ORF7a,del95,95,95,NA
27675,78,ORF7a,del95-120,95,120,NA
27676,30,ORF7a,del95-104,95,104,NA
27676,6,ORF7a,del95-96,95,96,NA
27676,21,ORF7a,del95-101,95,101,NA
27677,15,ORF7a,del95-99/I100V,95,99,I100V
27677,6,ORF7a,del96-97/E95D,96,97,E95D
27677,9,ORF7a,del95-97/S98A,95,97,S98A
27678,42,ORF7a,del96-109/E95D,96,109,E95D
27678,60,ORF7a,del96-115,96,115,NA
27679,18,ORF7a,del96-101,96,101,NA
27680,15,ORF7a,del97-101,97,101,NA
27680,24,ORF7a,del97-104,97,104,NA
27680,12,ORF7a,del97-100,97,100,NA
27680,21,ORF7a,del97-103,97,103,NA
27682,72,ORF7a,del97-120,97,120,NA
27682,9,ORF7a,del97-99,97,99,NA
27682,3,ORF7a,del97,97,97,NA
27683,18,ORF7a,del97-102/I103F,97,102,I103F
27683,6,ORF7a,del97-98/P99S,97,98,P99S
27683,69,ORF7a,del97-119/T120S,97,119,T120S
27683,72,ORF7a,del98-121/Y97*,98,121,NA
27685,96,ORF7a,del98-129,98,129,NA
27686,24,ORF7a,del99-106,99,106,NA
27686,69,ORF7a,del98-120/E121*,98,120,NA
27686,21,ORF7a,del99-105,99,105,NA
27687,9,ORF7a,del99-101,99,101,NA
27688,63,ORF7a,del99-119,99,119,NA
27688,75,ORF7a,del99-123,99,123,NA
27689,66,ORF7a,del99-120/E121Q,99,120,E121Q
27689,63,ORF7a,del100-120,100,120,NA
27691,9,ORF7a,del100-102,100,102,NA
27691,12,ORF7a,del100-103,100,103,NA
27692,27,ORF7a,del101-109,101,109,NA
27692,3,ORF7a,del101,101,101,NA
27692,36,ORF7a,del101-112,101,112,NA
27692,6,ORF7a,del101-102,101,102,NA
27692,12,ORF7a,del101-104,101,104,NA
27693,33,ORF7a,del101-111,101,111,NA
27694,60,ORF7a,del101-120,101,120,NA
27694,48,ORF7a,del101-116,101,116,NA
27694,72,ORF7a,del101-124,101,124,NA
27694,57,ORF7a,del101-119,101,119,NA
27694,21,ORF7a,del101-107,101,107,NA
27694,24,ORF7a,del101-108,101,108,NA
27695,3,ORF7a,del102,102,102,NA
27695,48,ORF7a,del101-116/K117*,101,116,NA
27695,6,ORF7a,del102-103,102,103,NA
27695,9,ORF7a,del102-104,102,104,NA
27697,57,ORF7a,del102-120,102,120,NA
27697,54,ORF7a,del102-119,102,119,NA
27697,30,ORF7a,del102-111,102,111,NA
27697,45,ORF7a,del102-116,102,116,NA
27697,66,ORF7a,del102-123,102,123,NA
27698,3,ORF7a,del103,103,103,NA
27698,6,ORF7a,del103-104,103,104,NA
27698,21,ORF7a,del103-109,103,109,NA
27700,36,ORF7a,del103-114,103,114,NA
27700,42,ORF7a,del103-116,103,116,NA
27700,54,ORF7a,del103-120,103,120,NA
27701,3,ORF7a,del104,104,104,NA
27701,39,ORF7a,del104-116,104,116,NA
27703,24,ORF7a,del104-111,104,111,NA
27703,36,ORF7a,del104-115,104,115,NA
27703,39,ORF7a,del104-116,104,116,NA
27703,21,ORF7a,del104-110,104,110,NA
27704,36,ORF7a,del105-116,105,116,NA
27704,39,ORF7a,del104-116/K117E,104,116,K117E
27706,36,ORF7a,del105-116,105,116,NA
27707,24,ORF7a,del105-112/C113G,105,112,C113G
27710,27,ORF7a,del107-115,107,115,NA
27710,15,ORF7a,del107-111,107,111,NA
27711,30,ORF7a,del107-116,107,116,NA
27711,18,ORF7a,del107-112,107,112,NA
27711,12,ORF7a,del107-110,107,110,NA
27712,6,ORF7a,del107-108,107,108,NA
27712,9,ORF7a,del107-109,107,109,NA
27712,18,ORF7a,del107-112,107,112,NA
27712,57,ORF7a,del107-125,107,125,NA
27713,15,ORF7a,del108-112,108,112,NA
27713,21,ORF7a,del108-114,108,114,NA
27713,18,ORF7a,del107-112/C113S,107,112,C113S
27714,12,ORF7a,del108-111,108,111,NA
27715,15,ORF7a,del108-112,108,112,NA
27716,15,ORF7a,del108-112/C113G,108,112,C113G
27716,6,ORF7a,del109-110,109,110,NA
27718,12,ORF7a,del109-112,109,112,NA
27718,6,ORF7a,del109-110,109,110,NA
27719,9,ORF7a,del110-112,110,112,NA
27721,3,ORF7a,del110,110,110,NA
27722,12,ORF7a,del111-114,111,114,NA
27722,9,ORF7a,del110-112/C113S,110,112,C113S
27724,12,ORF7a,del111-114,111,114,NA
27725,6,ORF7a,del111-112/C113S,111,112,C113S
27736,27,ORF7a,del115-123,115,123,NA
27738,3,ORF7a,del116,116,116,NA
27745,6,ORF7a,del118-119,118,119,NA
27746,12,ORF7a,del119-122,119,122,NA
27747,9,ORF7a,del119-121,119,121,NA
27751,18,ORF7a,del120-125,120,125,NA
27756,3,ORF7a,del122,122,122,NA
27897,6,ORF8,del2-3,2,3,NA
27900,9,ORF8,del3-5,3,5,NA
27900,12,ORF8,del3-6,3,6,NA
27908,60,ORF8,del6-25,6,25,NA
27917,18,ORF8,del9-14,9,14,NA
27946,3,ORF8,del19,19,19,NA
27984,18,ORF8,del31-36,31,36,NA
27990,3,ORF8,del33,33,33,NA
28004,57,ORF8,del38-56,38,56,NA
28010,84,ORF8,del40-67,40,67,NA
28021,36,ORF8,del44-55,44,55,NA
28028,3,ORF8,del46/W45C,46,46,W45C
28030,66,ORF8,del47-68/Y46*,47,68,NA
28056,12,ORF8,del55-58,55,58,NA
28065,3,ORF8,del58,58,58,NA
28065,51,ORF8,del58-74,58,74,NA
28067,51,ORF8,del59-75,59,75,NA
28086,6,ORF8,del65-66,65,66,NA
28087,12,ORF8,del66-69,66,69,NA
28087,6,ORF8,del66-67,66,67,NA
28090,6,ORF8,del66-67/K68E,66,67,K68E
28090,3,ORF8,del66/S67A,66,66,S67A
28092,6,ORF8,del67-68,67,68,NA
28093,3,ORF8,del67/K68*,67,67,NA
28142,6,ORF8,del84-85,84,85,NA
28147,3,ORF8,del85/F86L,85,85,F86L
28150,6,ORF8,del87-88,87,88,NA
28150,9,ORF8,del86-88/N89Y,86,88,N89Y
28150,3,ORF8,del86/T87S,86,86,T87S
28151,3,ORF8,del87/F86L,87,87,F86L
28152,3,ORF8,del87,87,87,NA
28159,3,ORF8,del89/C90S,89,89,C90S
28168,57,ORF8,del93-111/E92D,93,111,E92D
28171,6,ORF8,del93-94,93,94,NA
28195,3,ORF8,del102,102,102,NA
28200,3,ORF8,del103,103,103,NA
28217,33,ORF8,del109-119,109,119,NA
28218,3,ORF8,del109,109,109,NA
28220,6,ORF8,del110-111/L109F,110,111,L109F
28225,6,ORF8,del112-113,112,113,NA
28233,6,ORF8,del114-115,114,115,NA
28238,3,ORF8,del116,116,116,NA
28240,15,ORF8,del117-121,117,121,NA
28241,9,ORF8,del117-119,117,119,NA
28242,6,ORF8,del117-118,117,118,NA
28242,12,ORF8,del117-120,117,120,NA
28243,9,ORF8,del118-120,118,120,NA
28243,3,ORF8,del118,118,118,NA
28244,6,ORF8,del118-119,118,119,NA
28245,3,ORF8,del118,118,118,NA
28245,9,ORF8,del118-120,118,120,NA
28246,9,ORF8,del119-121/L118F,119,121,L118F
28246,3,ORF8,del118/D119Y,118,118,D119Y
28247,3,ORF8,del119/L118F,119,119,L118F
28247,12,ORF8,del119-122,119,122,NA
28248,6,ORF8,del119-120,119,120,NA
28248,3,ORF8,del119,119,119,NA
28249,6,ORF8,del119-120/I121V,119,120,I121V
28252,3,ORF8,del121,121,121,NA
28278,3,N,del2/D3Y,2,2,D3Y
28309,9,N,del13-15,13,15,NA
28317,6,N,del16-17,16,17,NA
28334,6,N,del21-22,21,22,NA
28349,3,N,del26,26,26,NA
28349,12,N,del26-29,26,29,NA
28360,9,N,del30-32,30,32,NA
28361,9,N,del30-32,30,32,NA
28362,54,N,del30-47/N48D,30,47,N48D
28362,45,N,del30-44/L45V,30,44,L45V
28362,9,N,del31-33,31,33,NA
28362,6,N,del31-32,31,32,NA
28365,6,N,del31-32/S33G,31,32,S33G
28386,3,N,del39,39,39,NA
28405,3,N,del45,45,45,NA
28407,9,N,del45-47/N48Y,45,47,N48Y
28412,3,N,del47,47,47,NA
28457,54,N,del62-79,62,79,NA
28461,45,N,del63-77/S78G,63,77,S78G
28463,48,N,del64-79,64,79,NA
28467,141,N,del66-112/K65N,66,112,K65N
28474,48,N,del68-83,68,83,NA
28474,21,N,del68-74,68,74,NA
28476,30,N,del69-78,69,78,NA
28477,18,N,del69-74,69,74,NA
28477,45,N,del69-83,69,83,NA
28478,18,N,del69-74,69,74,NA
28484,12,N,del71-74,71,74,NA
28487,3,N,del72,72,72,NA
28725,3,N,del152,152,152,NA
28765,3,N,del165,165,165,NA
28805,3,N,del178,178,178,NA
28808,18,N,del179-184,179,184,NA
28811,15,N,del180-184,180,184,NA
28845,27,N,del192-200,192,200,NA
28851,3,N,del193/S194T,193,193,S194T
28852,9,N,del194-196,194,196,NA
28855,3,N,del195,195,195,NA
28878,18,N,del202-207/A208T,202,207,A208T
28879,18,N,del203-208,203,208,NA
28879,15,N,del203-207,203,207,NA
28881,9,N,del203-205/S206T,203,205,S206T
28883,30,N,del204-213,204,213,NA
28890,30,N,del206-215/D216Y,206,215,D216Y
28890,36,N,del207-218,207,218,NA
28890,15,N,del207-211,207,211,NA
28890,6,N,del207-208,207,208,NA
28890,24,N,del206-213/G214C,206,213,G214C
28890,18,N,del206-211/G212C,206,211,G212C
28890,33,N,del207-217,207,217,NA
28892,12,N,del207-210,207,210,NA
28892,9,N,del207-209,207,209,NA
28893,12,N,del208-211,208,211,NA
28893,3,N,del208,208,208,NA
28893,9,N,del207-209/M210L,207,209,M210L
28894,24,N,del208-215,208,215,NA
28895,9,N,del208-210,208,210,NA
28896,3,N,del208/R209G,208,208,R209G
28898,3,N,del209,209,209,NA
28898,12,N,del209-212,209,212,NA
28899,15,N,del210-214/R209S,210,214,R209S
28899,9,N,del210-212/R209S,210,212,R209S
28899,18,N,del210-215/R209S,210,215,R209S
28899,21,N,del209-215/D216N,209,215,D216N
28899,27,N,del209-217/A218T,209,217,A218T
28901,3,N,del210,210,210,NA
28902,3,N,del210/A211T,210,210,A211T
28902,6,N,del210-211/G212S,210,211,G212S
28904,3,N,del211,211,211,NA
28906,12,N,del212-215,212,215,NA
28906,6,N,del212-213,212,213,NA
28910,9,N,del213-215,213,215,NA
28911,3,N,del213/G214S,213,213,G214S
28912,6,N,del214-215,214,215,NA
28913,3,N,del214,214,214,NA
28921,3,N,del217,217,217,NA
28975,3,N,del235/M234I,235,235,M234I
28976,3,N,del235,235,235,NA
28978,3,N,del236,236,236,NA
28988,3,N,del239,239,239,NA
28988,6,N,del239-240,239,240,NA
28993,9,N,del241-243/Q240H,241,243,Q240H
29002,9,N,del244-246,244,246,NA
29012,15,N,del247-251,247,251,NA
29015,3,N,del248,248,248,NA
29022,3,N,del251,251,251,NA
29070,24,N,del266-273/F274I,266,273,F274I
29114,6,N,del281-282,281,282,NA
29191,9,N,del307-309/Q306H,307,309,Q306H
29207,18,N,del312-317,312,317,NA
29222,81,N,del317-343,317,343,NA
29225,33,N,del318-328,318,328,NA
29250,48,N,del326-341/K342Q,326,341,K342Q
29257,48,N,del329-344,329,344,NA
29296,15,N,del342-346,342,346,NA
29376,9,N,del368-370/D371H,368,370,D371H
29379,27,N,del370-378,370,378,NA
29384,21,N,del371-377,371,377,NA
29401,3,N,del377,377,377,NA
29433,9,N,del388-390,388,390,NA
29438,3,N,del389,389,389,NA
29440,9,N,del390-392,390,392,NA
29450,6,N,del393-394,393,394,NA
29467,27,N,del399-407,399,407,NA
29468,6,N,del399-400,399,400,NA
29470,3,N,del400/D399E,400,400,D399E
29472,6,N,del400-401/D402Y,400,401,D402Y
29512,3,N,del414,414,414,NA
29571,3,ORF10,del5/V6I,5,5,V6I
29574,15,ORF10,del7-11,7,11,NA
29575,6,ORF10,del7-8,7,8,NA
29580,15,ORF10,del8-12/I13V,8,12,I13V
29582,6,ORF10,del9-10,9,10,NA
29583,9,ORF10,del9-11/T12S,9,11,T12S
29666,3,ORF10,del37,37,37,NA
29672,9,ORF10,del39-41,39,41,NA
